slugScore,namePlayer1,slugTeamPlayer1,namePlayer2,slugTeamPlayer2,namePlayer3,slugTeamPlayer3,idGame,numberPeriod,timeQuarter,descriptionPlayHome,descriptionPlayVisitor,timeRemaining,scoreAway,scoreHome,marginScore,Date
NA,NA,NA,NA,NA,NA,NA,42000232,1,12:00,NA,NA,48,NA,NA,NA,2021-06-09
NA,Deandre Ayton,PHX,Nikola Jokic,DEN,Michael Porter Jr.,DEN,42000232,1,12:00,Jump Ball Ayton vs. Jokic: Tip to Porter Jr.,NA,48,NA,NA,NA,2021-06-09
2 - 0,Nikola Jokic,DEN,Austin Rivers,DEN,NA,NA,42000232,1,11:46,NA,Jokic 16' Turnaround Jump Shot (2 PTS) (Rivers 1 AST),47.7666666666667,2,0,-2,2021-06-09
2 - 2,Jae Crowder,PHX,Chris Paul,PHX,NA,NA,42000232,1,11:29,Crowder 13' Jump Shot (2 PTS) (Paul 1 AST),NA,47.4833333333333,2,2,NA,2021-06-09
NA,Michael Porter Jr.,DEN,NA,NA,NA,NA,42000232,1,11:10,NA,MISS Porter Jr. 17' Jump Shot,47.1666666666667,NA,NA,NA,2021-06-09
NA,Chris Paul,PHX,NA,NA,NA,NA,42000232,1,11:07,Paul REBOUND (Off:0 Def:1),NA,47.1166666666667,NA,NA,NA,2021-06-09
NA,Devin Booker,PHX,NA,NA,NA,NA,42000232,1,11:04,MISS Booker 25' 3PT Running Pull-Up Jump Shot,NA,47.0666666666667,NA,NA,NA,2021-06-09
NA,Facundo Campazzo,DEN,NA,NA,NA,NA,42000232,1,11:02,NA,Campazzo REBOUND (Off:0 Def:1),47.0333333333333,NA,NA,NA,2021-06-09
NA,Michael Porter Jr.,DEN,NA,NA,NA,NA,42000232,1,10:54,NA,MISS Porter Jr. 24' 3PT Jump Shot,46.9,NA,NA,NA,2021-06-09
NA,NA,NA,NA,NA,NA,NA,42000232,1,10:51,SUNS Rebound,NA,46.85,NA,NA,NA,2021-06-09
2 - 5,Jae Crowder,PHX,Chris Paul,PHX,NA,NA,42000232,1,10:37,Crowder 25' 3PT Jump Shot (5 PTS) (Paul 2 AST),NA,46.6166666666667,2,5,3,2021-06-09
NA,Austin Rivers,DEN,NA,NA,NA,NA,42000232,1,10:26,NA,MISS Rivers 24' 3PT Jump Shot,46.4333333333333,NA,NA,NA,2021-06-09
NA,Deandre Ayton,PHX,NA,NA,NA,NA,42000232,1,10:23,Ayton REBOUND (Off:0 Def:1),NA,46.3833333333333,NA,NA,NA,2021-06-09
NA,Mikal Bridges,PHX,NA,NA,NA,NA,42000232,1,10:15,MISS Bridges 3PT Jump Shot,NA,46.25,NA,NA,NA,2021-06-09
NA,Facundo Campazzo,DEN,NA,NA,NA,NA,42000232,1,10:11,NA,Campazzo REBOUND (Off:0 Def:2),46.1833333333333,NA,NA,NA,2021-06-09
NA,Michael Porter Jr.,DEN,NA,NA,NA,NA,42000232,1,10:01,NA,MISS Porter Jr. 25' 3PT Jump Shot,46.0166666666667,NA,NA,NA,2021-06-09
NA,Deandre Ayton,PHX,NA,NA,NA,NA,42000232,1,9:59,Ayton REBOUND (Off:0 Def:2),NA,45.9833333333333,NA,NA,NA,2021-06-09
NA,Deandre Ayton,PHX,NA,NA,NA,NA,42000232,1,9:43,MISS Ayton 5' Turnaround Hook Shot,NA,45.7166666666667,NA,NA,NA,2021-06-09
NA,Nikola Jokic,DEN,NA,NA,NA,NA,42000232,1,9:42,NA,Jokic REBOUND (Off:0 Def:1),45.7,NA,NA,NA,2021-06-09
NA,Aaron Gordon,DEN,NA,NA,Jae Crowder,PHX,42000232,1,9:31,Crowder BLOCK (1 BLK),MISS Gordon 2' Driving Dunk,45.5166666666667,NA,NA,NA,2021-06-09
NA,Chris Paul,PHX,NA,NA,NA,NA,42000232,1,9:29,Paul REBOUND (Off:0 Def:2),NA,45.4833333333333,NA,NA,NA,2021-06-09
NA,Facundo Campazzo,DEN,Devin Booker,PHX,NA,NA,42000232,1,9:28,NA,Campazzo Personal Take Foul (P1.T1) (Z.Zarba),45.4666666666667,NA,NA,NA,2021-06-09
2 - 8,Devin Booker,PHX,NA,NA,NA,NA,42000232,1,9:20,Booker 28' 3PT Pullup Jump Shot (3 PTS),NA,45.3333333333333,2,8,6,2021-06-09
NA,Aaron Gordon,DEN,NA,NA,NA,NA,42000232,1,9:09,NA,MISS Gordon 21' Pullup Jump Shot,45.15,NA,NA,NA,2021-06-09
NA,Devin Booker,PHX,NA,NA,NA,NA,42000232,1,9:08,Booker REBOUND (Off:0 Def:1),NA,45.1333333333333,NA,NA,NA,2021-06-09
NA,Deandre Ayton,PHX,NA,NA,NA,NA,42000232,1,8:57,MISS Ayton 11' Turnaround Jump Shot,NA,44.95,NA,NA,NA,2021-06-09
NA,Michael Porter Jr.,DEN,NA,NA,NA,NA,42000232,1,8:54,NA,Porter Jr. REBOUND (Off:0 Def:1),44.9,NA,NA,NA,2021-06-09
NA,Facundo Campazzo,DEN,NA,NA,NA,NA,42000232,1,8:49,NA,MISS Campazzo 25' 3PT Running Jump Shot,44.8166666666667,NA,NA,NA,2021-06-09
NA,Chris Paul,PHX,NA,NA,NA,NA,42000232,1,8:46,Paul REBOUND (Off:0 Def:3),NA,44.7666666666667,NA,NA,NA,2021-06-09
NA,Deandre Ayton,PHX,Facundo Campazzo,DEN,NA,NA,42000232,1,8:41,Ayton OFF.Foul (P1) (Z.Zarba),NA,44.6833333333333,NA,NA,NA,2021-06-09
NA,Deandre Ayton,PHX,NA,NA,NA,NA,42000232,1,8:41,Ayton Offensive Foul Turnover (P1.T1),NA,44.6833333333333,NA,NA,NA,2021-06-09
NA,Nikola Jokic,DEN,NA,NA,NA,NA,42000232,1,8:20,NA,MISS Jokic 6' Driving Floating Jump Shot,44.3333333333333,NA,NA,NA,2021-06-09
NA,Nikola Jokic,DEN,NA,NA,NA,NA,42000232,1,8:15,NA,Jokic REBOUND (Off:1 Def:1),44.25,NA,NA,NA,2021-06-09
4 - 8,Nikola Jokic,DEN,NA,NA,NA,NA,42000232,1,8:15,NA,Jokic Putback Layup (4 PTS),44.25,4,8,4,2021-06-09
NA,Mikal Bridges,PHX,NA,NA,NA,NA,42000232,1,8:04,MISS Bridges 3PT Jump Shot,NA,44.0666666666667,NA,NA,NA,2021-06-09
NA,Deandre Ayton,PHX,NA,NA,NA,NA,42000232,1,8:02,Ayton REBOUND (Off:1 Def:2),NA,44.0333333333333,NA,NA,NA,2021-06-09
NA,Deandre Ayton,PHX,Nikola Jokic,DEN,NA,NA,42000232,1,8:00,Ayton Bad Pass Turnover (P2.T2),Jokic STEAL (1 STL),44,NA,NA,NA,2021-06-09
NA,Michael Porter Jr.,DEN,NA,NA,NA,NA,42000232,1,7:55,NA,MISS Porter Jr. 24' 3PT Running Jump Shot,43.9166666666667,NA,NA,NA,2021-06-09
NA,Devin Booker,PHX,NA,NA,NA,NA,42000232,1,7:52,Booker REBOUND (Off:0 Def:2),NA,43.8666666666667,NA,NA,NA,2021-06-09
4 - 10,Chris Paul,PHX,NA,NA,NA,NA,42000232,1,7:42,Paul 12' Fadeaway Jumper (2 PTS),NA,43.7,4,10,6,2021-06-09
6 - 10,Aaron Gordon,DEN,Nikola Jokic,DEN,NA,NA,42000232,1,7:31,NA,Gordon 1' Alley Oop Dunk (2 PTS) (Jokic 1 AST),43.5166666666667,6,10,4,2021-06-09
NA,Devin Booker,PHX,NA,NA,NA,NA,42000232,1,7:21,MISS Booker 17' Turnaround Jump Shot,NA,43.35,NA,NA,NA,2021-06-09
NA,Michael Porter Jr.,DEN,NA,NA,NA,NA,42000232,1,7:18,NA,Porter Jr. REBOUND (Off:0 Def:2),43.3,NA,NA,NA,2021-06-09
NA,Deandre Ayton,PHX,Nikola Jokic,DEN,NA,NA,42000232,1,7:04,Ayton S.FOUL (P2.T1) (J.Tiven),NA,43.0666666666667,NA,NA,NA,2021-06-09
7 - 10,Nikola Jokic,DEN,NA,NA,NA,NA,42000232,1,7:04,NA,Jokic Free Throw 1 of 2 (5 PTS),43.0666666666667,7,10,3,2021-06-09
8 - 10,Nikola Jokic,DEN,NA,NA,NA,NA,42000232,1,7:04,NA,Jokic Free Throw 2 of 2 (6 PTS),43.0666666666667,8,10,2,2021-06-09
8 - 12,Mikal Bridges,PHX,NA,NA,NA,NA,42000232,1,6:49,Bridges 8' Step Back Bank Jump Shot (2 PTS),NA,42.8166666666667,8,12,4,2021-06-09
NA,Aaron Gordon,DEN,NA,NA,NA,NA,42000232,1,6:40,NA,MISS Gordon 13' Driving Floating Jump Shot,42.6666666666667,NA,NA,NA,2021-06-09
NA,Devin Booker,PHX,NA,NA,NA,NA,42000232,1,6:38,Booker REBOUND (Off:0 Def:3),NA,42.6333333333333,NA,NA,NA,2021-06-09
NA,Aaron Gordon,DEN,Deandre Ayton,PHX,NA,NA,42000232,1,6:33,NA,Gordon S.FOUL (P1.T2) (J.Tiven),42.55,NA,NA,NA,2021-06-09
NA,NA,NA,NA,NA,NA,NA,42000232,1,6:33,SUNS Timeout: Regular (Full 1 Short 0),NA,42.55,NA,NA,NA,2021-06-09
NA,Deandre Ayton,PHX,NA,NA,NA,NA,42000232,1,6:33,MISS Ayton Free Throw 1 of 2,NA,42.55,NA,NA,NA,2021-06-09
NA,NA,NA,NA,NA,NA,NA,42000232,1,6:33,SUNS Rebound,NA,42.55,NA,NA,NA,2021-06-09
8 - 13,Deandre Ayton,PHX,NA,NA,NA,NA,42000232,1,6:33,Ayton Free Throw 2 of 2 (1 PTS),NA,42.55,8,13,5,2021-06-09
10 - 13,Austin Rivers,DEN,NA,NA,NA,NA,42000232,1,6:15,NA,Rivers 1' Driving Layup (2 PTS),42.25,10,13,3,2021-06-09
10 - 15,Mikal Bridges,PHX,Chris Paul,PHX,NA,NA,42000232,1,5:58,Bridges 10' Fadeaway Jumper (4 PTS) (Paul 3 AST),NA,41.9666666666667,10,15,5,2021-06-09
NA,Austin Rivers,DEN,NA,NA,NA,NA,42000232,1,5:39,NA,MISS Rivers 26' 3PT Jump Shot,41.65,NA,NA,NA,2021-06-09
NA,Deandre Ayton,PHX,NA,NA,NA,NA,42000232,1,5:37,Ayton REBOUND (Off:1 Def:3),NA,41.6166666666667,NA,NA,NA,2021-06-09
NA,Mikal Bridges,PHX,NA,NA,NA,NA,42000232,1,5:25,MISS Bridges 3PT Jump Shot,NA,41.4166666666667,NA,NA,NA,2021-06-09
NA,Michael Porter Jr.,DEN,NA,NA,NA,NA,42000232,1,5:22,NA,Porter Jr. REBOUND (Off:0 Def:3),41.3666666666667,NA,NA,NA,2021-06-09
12 - 15,Aaron Gordon,DEN,Nikola Jokic,DEN,NA,NA,42000232,1,5:16,NA,Gordon 1' Running Dunk (4 PTS) (Jokic 2 AST),41.2666666666667,12,15,3,2021-06-09
12 - 17,Deandre Ayton,PHX,Chris Paul,PHX,NA,NA,42000232,1,5:00,Ayton 5' Hook Shot (3 PTS) (Paul 4 AST),NA,41,12,17,5,2021-06-09
NA,Nikola Jokic,DEN,NA,NA,NA,NA,42000232,1,4:42,NA,MISS Jokic 3' Driving Hook Shot,40.7,NA,NA,NA,2021-06-09
NA,Deandre Ayton,PHX,NA,NA,NA,NA,42000232,1,4:41,Ayton REBOUND (Off:1 Def:4),NA,40.6833333333333,NA,NA,NA,2021-06-09
NA,Deandre Ayton,PHX,NA,NA,NA,NA,42000232,1,4:35,MISS Ayton 2' Running Layup,NA,40.5833333333333,NA,NA,NA,2021-06-09
NA,Nikola Jokic,DEN,NA,NA,NA,NA,42000232,1,4:33,NA,Jokic REBOUND (Off:1 Def:2),40.55,NA,NA,NA,2021-06-09
NA,Aaron Gordon,DEN,NA,NA,NA,NA,42000232,1,4:29,NA,MISS Gordon 24' 3PT Running Jump Shot,40.4833333333333,NA,NA,NA,2021-06-09
NA,Devin Booker,PHX,NA,NA,NA,NA,42000232,1,4:26,Booker REBOUND (Off:0 Def:4),NA,40.4333333333333,NA,NA,NA,2021-06-09
NA,Deandre Ayton,PHX,NA,NA,NA,NA,42000232,1,4:11,MISS Ayton 3' Hook Shot,NA,40.1833333333333,NA,NA,NA,2021-06-09
NA,Nikola Jokic,DEN,NA,NA,NA,NA,42000232,1,4:08,NA,Jokic REBOUND (Off:1 Def:3),40.1333333333333,NA,NA,NA,2021-06-09
NA,Michael Porter Jr.,DEN,NA,NA,NA,NA,42000232,1,4:03,NA,MISS Porter Jr. 25' 3PT Running Jump Shot,40.05,NA,NA,NA,2021-06-09
NA,Nikola Jokic,DEN,NA,NA,NA,NA,42000232,1,4:03,NA,Jokic REBOUND (Off:2 Def:3),40.05,NA,NA,NA,2021-06-09
14 - 17,Nikola Jokic,DEN,NA,NA,NA,NA,42000232,1,4:00,NA,Jokic Tip Layup Shot (8 PTS),40,14,17,3,2021-06-09
NA,NA,NA,NA,NA,NA,NA,42000232,1,4:00,SUNS Timeout: Regular (Full 2 Short 0),NA,40,NA,NA,NA,2021-06-09
NA,Deandre Ayton,PHX,Dario Saric,PHX,NA,NA,42000232,1,4:00,SUB: Saric FOR Ayton,NA,40,NA,NA,NA,2021-06-09
NA,Mikal Bridges,PHX,Cameron Payne,PHX,NA,NA,42000232,1,4:00,SUB: Payne FOR Bridges,NA,40,NA,NA,NA,2021-06-09
NA,Chris Paul,PHX,Cameron Johnson,PHX,NA,NA,42000232,1,4:00,SUB: Johnson FOR Paul,NA,40,NA,NA,NA,2021-06-09
NA,Aaron Gordon,DEN,Will Barton,DEN,NA,NA,42000232,1,4:00,NA,SUB: Barton FOR Gordon,40,NA,NA,NA,2021-06-09
NA,Michael Porter Jr.,DEN,JaMychal Green,DEN,NA,NA,42000232,1,4:00,NA,SUB: Green FOR Porter Jr.,40,NA,NA,NA,2021-06-09
NA,Austin Rivers,DEN,Monte Morris,DEN,NA,NA,42000232,1,4:00,NA,SUB: Morris FOR Rivers,40,NA,NA,NA,2021-06-09
14 - 20,Devin Booker,PHX,NA,NA,NA,NA,42000232,1,3:45,Booker 25' 3PT Pullup Jump Shot (6 PTS),NA,39.75,14,20,6,2021-06-09
16 - 20,JaMychal Green,DEN,Nikola Jokic,DEN,NA,NA,42000232,1,3:27,NA,Green 2' Cutting Dunk Shot (2 PTS) (Jokic 3 AST),39.45,16,20,4,2021-06-09
16 - 22,Cameron Payne,PHX,NA,NA,NA,NA,42000232,1,3:10,Payne 1' Driving Layup (2 PTS),NA,39.1666666666667,16,22,6,2021-06-09
18 - 22,Will Barton,DEN,Nikola Jokic,DEN,NA,NA,42000232,1,2:46,NA,Barton 2' Cutting Dunk Shot (2 PTS) (Jokic 4 AST),38.7666666666667,18,22,4,2021-06-09
NA,Cameron Johnson,PHX,NA,NA,NA,NA,42000232,1,2:25,MISS Johnson 18' Pullup Jump Shot,NA,38.4166666666667,NA,NA,NA,2021-06-09
NA,JaMychal Green,DEN,NA,NA,NA,NA,42000232,1,2:23,NA,Green REBOUND (Off:0 Def:1),38.3833333333333,NA,NA,NA,2021-06-09
NA,Nikola Jokic,DEN,NA,NA,NA,NA,42000232,1,1:59,NA,MISS Jokic 5' Jump Shot,37.9833333333333,NA,NA,NA,2021-06-09
NA,Devin Booker,PHX,NA,NA,NA,NA,42000232,1,1:57,Booker REBOUND (Off:0 Def:5),NA,37.95,NA,NA,NA,2021-06-09
NA,Devin Booker,PHX,NA,NA,NA,NA,42000232,1,1:53,MISS Booker 25' 3PT Step Back Jump Shot,NA,37.8833333333333,NA,NA,NA,2021-06-09
NA,Monte Morris,DEN,NA,NA,NA,NA,42000232,1,1:49,NA,Morris REBOUND (Off:0 Def:1),37.8166666666667,NA,NA,NA,2021-06-09
NA,Jae Crowder,PHX,Torrey Craig,PHX,NA,NA,42000232,1,1:38,SUB: Craig FOR Crowder,NA,37.6333333333333,NA,NA,NA,2021-06-09
NA,Nikola Jokic,DEN,Paul Millsap,DEN,NA,NA,42000232,1,1:38,NA,SUB: Millsap FOR Jokic,37.6333333333333,NA,NA,NA,2021-06-09
NA,Facundo Campazzo,DEN,NA,NA,NA,NA,42000232,1,1:34,NA,MISS Campazzo 13' Driving Floating Bank Jump Shot,37.5666666666667,NA,NA,NA,2021-06-09
NA,Cameron Johnson,PHX,NA,NA,NA,NA,42000232,1,1:31,Johnson REBOUND (Off:0 Def:1),NA,37.5166666666667,NA,NA,NA,2021-06-09
NA,Cameron Johnson,PHX,NA,NA,Will Barton,DEN,42000232,1,1:27,MISS Johnson 1' Running Layup,Barton BLOCK (1 BLK),37.45,NA,NA,NA,2021-06-09
NA,Paul Millsap,DEN,NA,NA,NA,NA,42000232,1,1:25,NA,Millsap REBOUND (Off:0 Def:1),37.4166666666667,NA,NA,NA,2021-06-09
NA,Monte Morris,DEN,NA,NA,NA,NA,42000232,1,1:20,NA,MISS Morris 25' 3PT Pullup Jump Shot,37.3333333333333,NA,NA,NA,2021-06-09
NA,Paul Millsap,DEN,NA,NA,NA,NA,42000232,1,1:16,NA,Millsap REBOUND (Off:1 Def:1),37.2666666666667,NA,NA,NA,2021-06-09
NA,Facundo Campazzo,DEN,Michael Porter Jr.,DEN,NA,NA,42000232,1,1:16,NA,SUB: Porter Jr. FOR Campazzo,37.2666666666667,NA,NA,NA,2021-06-09
21 - 22,Will Barton,DEN,JaMychal Green,DEN,NA,NA,42000232,1,1:12,NA,Barton 26' 3PT Jump Shot (5 PTS) (Green 1 AST),37.2,21,22,1,2021-06-09
21 - 25,Dario Saric,PHX,Devin Booker,PHX,NA,NA,42000232,1,0:57,Saric 25' 3PT Jump Shot (3 PTS) (Booker 1 AST),NA,36.95,21,25,4,2021-06-09
NA,Paul Millsap,DEN,NA,NA,NA,NA,42000232,1,0:44,NA,MISS Millsap 5' Driving Floating Bank Jump Shot,36.7333333333333,NA,NA,NA,2021-06-09
NA,Cameron Payne,PHX,NA,NA,NA,NA,42000232,1,0:42,Payne REBOUND (Off:0 Def:1),NA,36.7,NA,NA,NA,2021-06-09
NA,Torrey Craig,PHX,NA,NA,NA,NA,42000232,1,0:35,MISS Craig 2' Cutting Layup Shot,NA,36.5833333333333,NA,NA,NA,2021-06-09
NA,Will Barton,DEN,NA,NA,NA,NA,42000232,1,0:34,NA,Barton REBOUND (Off:0 Def:1),36.5666666666667,NA,NA,NA,2021-06-09
NA,Will Barton,DEN,NA,NA,NA,NA,42000232,1,0:30,NA,MISS Barton 26' 3PT Running Pull-Up Jump Shot,36.5,NA,NA,NA,2021-06-09
NA,Monte Morris,DEN,NA,NA,NA,NA,42000232,1,0:26,NA,Morris REBOUND (Off:1 Def:1),36.4333333333333,NA,NA,NA,2021-06-09
NA,Paul Millsap,DEN,NA,NA,NA,NA,42000232,1,0:16,NA,MISS Millsap 28' 3PT Jump Shot,36.2666666666667,NA,NA,NA,2021-06-09
NA,NA,NA,NA,NA,NA,NA,42000232,1,0:13,NA,Nuggets Rebound,36.2166666666667,NA,NA,NA,2021-06-09
NA,Cameron Payne,PHX,Monte Morris,DEN,NA,NA,42000232,1,0:04,Payne Personal Take Foul (P1.T2) (B.Kennedy),NA,36.0666666666667,NA,NA,NA,2021-06-09
NA,Michael Porter Jr.,DEN,NA,NA,NA,NA,42000232,1,0:03,NA,MISS Porter Jr. 26' 3PT Jump Shot,36.05,NA,NA,NA,2021-06-09
NA,Devin Booker,PHX,NA,NA,NA,NA,42000232,1,0:03,Booker REBOUND (Off:0 Def:6),NA,36.05,NA,NA,NA,2021-06-09
21 - 25,NA,NA,NA,NA,NA,NA,42000232,1,0:00,NA,NA,36,21,25,4,2021-06-09
21 - 25,NA,NA,NA,NA,NA,NA,42000232,2,12:00,NA,NA,36,21,25,4,2021-06-09
NA,Paul Millsap,DEN,Chris Paul,PHX,NA,NA,42000232,2,11:50,NA,Millsap P.FOUL (P1.T1) (J.Tiven),35.8333333333333,NA,NA,NA,2021-06-09
21 - 28,Cameron Johnson,PHX,Torrey Craig,PHX,NA,NA,42000232,2,11:42,Johnson 25' 3PT Jump Shot (3 PTS) (Craig 1 AST),NA,35.7,21,28,7,2021-06-09
NA,JaMychal Green,DEN,NA,NA,NA,NA,42000232,2,11:22,NA,MISS Green 25' 3PT Jump Shot,35.3666666666667,NA,NA,NA,2021-06-09
NA,Paul Millsap,DEN,NA,NA,NA,NA,42000232,2,11:19,NA,Millsap REBOUND (Off:2 Def:1),35.3166666666667,NA,NA,NA,2021-06-09
23 - 28,Paul Millsap,DEN,NA,NA,NA,NA,42000232,2,11:18,NA,Millsap 2' Putback Layup (2 PTS),35.3,23,28,5,2021-06-09
NA,Cameron Johnson,PHX,NA,NA,Paul Millsap,DEN,42000232,2,11:06,MISS Johnson 1' Driving Layup,Millsap BLOCK (1 BLK),35.1,NA,NA,NA,2021-06-09
NA,Paul Millsap,DEN,NA,NA,NA,NA,42000232,2,11:04,NA,Millsap REBOUND (Off:2 Def:2),35.0666666666667,NA,NA,NA,2021-06-09
NA,Paul Millsap,DEN,Cameron Johnson,PHX,NA,NA,42000232,2,11:00,Johnson STEAL (1 STL),Millsap Lost Ball Turnover (P1.T1),35,NA,NA,NA,2021-06-09
23 - 30,Dario Saric,PHX,Chris Paul,PHX,NA,NA,42000232,2,10:52,Saric 1' Running Dunk (5 PTS) (Paul 5 AST),NA,34.8666666666667,23,30,7,2021-06-09
NA,Monte Morris,DEN,NA,NA,NA,NA,42000232,2,10:31,NA,MISS Morris 23' Pullup Jump Shot,34.5166666666667,NA,NA,NA,2021-06-09
NA,Cameron Johnson,PHX,NA,NA,NA,NA,42000232,2,10:28,Johnson REBOUND (Off:0 Def:2),NA,34.4666666666667,NA,NA,NA,2021-06-09
NA,Chris Paul,PHX,NA,NA,NA,NA,42000232,2,10:23,MISS Paul 11' Fadeaway Jumper,NA,34.3833333333333,NA,NA,NA,2021-06-09
NA,NA,NA,NA,NA,NA,NA,42000232,2,10:20,SUNS Rebound,NA,34.3333333333333,NA,NA,NA,2021-06-09
NA,Dario Saric,PHX,NA,NA,Paul Millsap,DEN,42000232,2,10:11,MISS Saric 2' Driving Layup,Millsap BLOCK (2 BLK),34.1833333333333,NA,NA,NA,2021-06-09
NA,Paul Millsap,DEN,NA,NA,NA,NA,42000232,2,10:09,NA,Millsap REBOUND (Off:2 Def:3),34.15,NA,NA,NA,2021-06-09
NA,Paul Millsap,DEN,Dario Saric,PHX,NA,NA,42000232,2,10:02,NA,Millsap OFF.Foul (P2) (B.Kennedy),34.0333333333333,NA,NA,NA,2021-06-09
NA,Paul Millsap,DEN,NA,NA,NA,NA,42000232,2,10:02,NA,Millsap Offensive Foul Turnover (P2.T2),34.0333333333333,NA,NA,NA,2021-06-09
NA,Torrey Craig,PHX,NA,NA,NA,NA,42000232,2,9:50,MISS Craig 3PT Jump Shot,NA,33.8333333333333,NA,NA,NA,2021-06-09
NA,Paul Millsap,DEN,NA,NA,NA,NA,42000232,2,9:45,NA,Millsap REBOUND (Off:2 Def:4),33.75,NA,NA,NA,2021-06-09
25 - 30,Will Barton,DEN,NA,NA,NA,NA,42000232,2,9:38,NA,Barton 12' Turnaround Fadeaway (7 PTS),33.6333333333333,25,30,5,2021-06-09
NA,Michael Porter Jr.,DEN,Chris Paul,PHX,NA,NA,42000232,2,9:18,NA,Porter Jr. S.FOUL (P1.T2) (Z.Zarba),33.3,NA,NA,NA,2021-06-09
25 - 31,Chris Paul,PHX,NA,NA,NA,NA,42000232,2,9:18,Paul Free Throw 1 of 2 (3 PTS),NA,33.3,25,31,6,2021-06-09
25 - 32,Chris Paul,PHX,NA,NA,NA,NA,42000232,2,9:18,Paul Free Throw 2 of 2 (4 PTS),NA,33.3,25,32,7,2021-06-09
NA,Cameron Payne,PHX,Will Barton,DEN,NA,NA,42000232,2,9:04,Payne P.FOUL (P2.T1) (Z.Zarba),NA,33.0666666666667,NA,NA,NA,2021-06-09
NA,Cameron Payne,PHX,Devin Booker,PHX,NA,NA,42000232,2,9:04,SUB: Booker FOR Payne,NA,33.0666666666667,NA,NA,NA,2021-06-09
NA,Michael Porter Jr.,DEN,Austin Rivers,DEN,NA,NA,42000232,2,9:04,NA,SUB: Rivers FOR Porter Jr.,33.0666666666667,NA,NA,NA,2021-06-09
NA,Monte Morris,DEN,NA,NA,NA,NA,42000232,2,8:51,NA,MISS Morris 1' Driving Floating Bank Jump Shot,32.85,NA,NA,NA,2021-06-09
NA,Chris Paul,PHX,NA,NA,NA,NA,42000232,2,8:49,Paul REBOUND (Off:0 Def:4),NA,32.8166666666667,NA,NA,NA,2021-06-09
NA,Chris Paul,PHX,NA,NA,NA,NA,42000232,2,8:46,MISS Paul 12' Running Pull-Up Jump Shot,NA,32.7666666666667,NA,NA,NA,2021-06-09
NA,Torrey Craig,PHX,NA,NA,NA,NA,42000232,2,8:39,MISS Craig Tip Layup Shot,NA,32.65,NA,NA,NA,2021-06-09
NA,Torrey Craig,PHX,NA,NA,NA,NA,42000232,2,8:39,Craig REBOUND (Off:1 Def:0),NA,32.65,NA,NA,NA,2021-06-09
NA,Monte Morris,DEN,NA,NA,NA,NA,42000232,2,8:38,NA,Morris REBOUND (Off:1 Def:2),32.6333333333333,NA,NA,NA,2021-06-09
NA,Monte Morris,DEN,NA,NA,Torrey Craig,PHX,42000232,2,8:37,Craig BLOCK (1 BLK),MISS Morris 13' Running Pull-Up Jump Shot,32.6166666666667,NA,NA,NA,2021-06-09
NA,Dario Saric,PHX,NA,NA,NA,NA,42000232,2,8:35,Saric REBOUND (Off:0 Def:1),NA,32.5833333333333,NA,NA,NA,2021-06-09
25 - 35,Dario Saric,PHX,Chris Paul,PHX,NA,NA,42000232,2,8:32,Saric 24' 3PT Running Jump Shot (8 PTS) (Paul 6 AST),NA,32.5333333333333,25,35,10,2021-06-09
NA,NA,NA,NA,NA,NA,NA,42000232,2,8:31,NA,Nuggets Timeout: Regular (Reg.1 Short 0),32.5166666666667,NA,NA,NA,2021-06-09
NA,Paul Millsap,DEN,Facundo Campazzo,DEN,NA,NA,42000232,2,8:31,NA,SUB: Campazzo FOR Millsap,32.5166666666667,NA,NA,NA,2021-06-09
NA,Monte Morris,DEN,Nikola Jokic,DEN,NA,NA,42000232,2,8:31,NA,SUB: Jokic FOR Morris,32.5166666666667,NA,NA,NA,2021-06-09
28 - 35,Austin Rivers,DEN,Will Barton,DEN,NA,NA,42000232,2,8:12,NA,Rivers 25' 3PT Jump Shot (5 PTS) (Barton 1 AST),32.2,28,35,7,2021-06-09
NA,Dario Saric,PHX,NA,NA,NA,NA,42000232,2,7:56,MISS Saric 26' 3PT Jump Shot,NA,31.9333333333333,NA,NA,NA,2021-06-09
NA,JaMychal Green,DEN,NA,NA,NA,NA,42000232,2,7:53,NA,Green REBOUND (Off:0 Def:2),31.8833333333333,NA,NA,NA,2021-06-09
NA,JaMychal Green,DEN,NA,NA,NA,NA,42000232,2,7:44,NA,Green Out of Bounds - Bad Pass Turnover Turnover (P1.T3),31.7333333333333,NA,NA,NA,2021-06-09
NA,Devin Booker,PHX,NA,NA,NA,NA,42000232,2,7:20,MISS Booker 13' Turnaround Fadeaway Shot,NA,31.3333333333333,NA,NA,NA,2021-06-09
NA,Nikola Jokic,DEN,NA,NA,NA,NA,42000232,2,7:18,NA,Jokic REBOUND (Off:2 Def:4),31.3,NA,NA,NA,2021-06-09
NA,JaMychal Green,DEN,Cameron Johnson,PHX,NA,NA,42000232,2,7:06,NA,Green OFF.Foul (P1) (B.Kennedy),31.1,NA,NA,NA,2021-06-09
NA,JaMychal Green,DEN,NA,NA,NA,NA,42000232,2,7:06,NA,Green Offensive Foul Turnover (P2.T4),31.1,NA,NA,NA,2021-06-09
NA,Torrey Craig,PHX,Mikal Bridges,PHX,NA,NA,42000232,2,7:06,SUB: Bridges FOR Craig,NA,31.1,NA,NA,NA,2021-06-09
NA,Dario Saric,PHX,Deandre Ayton,PHX,NA,NA,42000232,2,7:06,SUB: Ayton FOR Saric,NA,31.1,NA,NA,NA,2021-06-09
NA,Will Barton,DEN,Aaron Gordon,DEN,NA,NA,42000232,2,7:06,NA,SUB: Gordon FOR Barton,31.1,NA,NA,NA,2021-06-09
NA,Chris Paul,PHX,NA,NA,NA,NA,42000232,2,6:48,MISS Paul 2' Driving Floating Jump Shot,NA,30.8,NA,NA,NA,2021-06-09
NA,Facundo Campazzo,DEN,NA,NA,NA,NA,42000232,2,6:46,NA,Campazzo REBOUND (Off:0 Def:3),30.7666666666667,NA,NA,NA,2021-06-09
NA,Facundo Campazzo,DEN,NA,NA,NA,NA,42000232,2,6:42,NA,MISS Campazzo 25' 3PT Running Jump Shot,30.7,NA,NA,NA,2021-06-09
NA,Cameron Johnson,PHX,NA,NA,NA,NA,42000232,2,6:38,Johnson REBOUND (Off:0 Def:3),NA,30.6333333333333,NA,NA,NA,2021-06-09
NA,Chris Paul,PHX,NA,NA,NA,NA,42000232,2,6:32,MISS Paul 12' Fadeaway Jumper,NA,30.5333333333333,NA,NA,NA,2021-06-09
NA,JaMychal Green,DEN,NA,NA,NA,NA,42000232,2,6:30,NA,Green REBOUND (Off:0 Def:3),30.5,NA,NA,NA,2021-06-09
NA,Nikola Jokic,DEN,NA,NA,NA,NA,42000232,2,6:26,NA,Jokic Out of Bounds - Bad Pass Turnover Turnover (P1.T5),30.4333333333333,NA,NA,NA,2021-06-09
NA,Cameron Johnson,PHX,NA,NA,NA,NA,42000232,2,6:03,MISS Johnson 24' 3PT Jump Shot,NA,30.05,NA,NA,NA,2021-06-09
NA,Aaron Gordon,DEN,NA,NA,NA,NA,42000232,2,6:00,NA,Gordon REBOUND (Off:0 Def:1),30,NA,NA,NA,2021-06-09
30 - 35,Aaron Gordon,DEN,NA,NA,NA,NA,42000232,2,5:49,NA,Gordon 3' Jump Bank Shot (6 PTS),29.8166666666667,30,35,5,2021-06-09
NA,Devin Booker,PHX,Facundo Campazzo,DEN,NA,NA,42000232,2,5:26,Booker Bad Pass Turnover (P1.T3),Campazzo STEAL (1 STL),29.4333333333333,NA,NA,NA,2021-06-09
NA,Facundo Campazzo,DEN,NA,NA,Chris Paul,PHX,42000232,2,5:22,Paul BLOCK (1 BLK),MISS Campazzo 2' Running Layup,29.3666666666667,NA,NA,NA,2021-06-09
NA,Mikal Bridges,PHX,NA,NA,NA,NA,42000232,2,5:19,Bridges REBOUND (Off:0 Def:1),NA,29.3166666666667,NA,NA,NA,2021-06-09
NA,Cameron Johnson,PHX,NA,NA,NA,NA,42000232,2,5:16,MISS Johnson 24' 3PT Running Jump Shot,NA,29.2666666666667,NA,NA,NA,2021-06-09
NA,NA,NA,NA,NA,NA,NA,42000232,2,5:14,SUNS Rebound,NA,29.2333333333333,NA,NA,NA,2021-06-09
NA,Chris Paul,PHX,Cameron Payne,PHX,NA,NA,42000232,2,5:14,SUB: Payne FOR Paul,NA,29.2333333333333,NA,NA,NA,2021-06-09
NA,Cameron Johnson,PHX,Jae Crowder,PHX,NA,NA,42000232,2,5:14,SUB: Crowder FOR Johnson,NA,29.2333333333333,NA,NA,NA,2021-06-09
NA,JaMychal Green,DEN,Michael Porter Jr.,DEN,NA,NA,42000232,2,5:14,NA,SUB: Porter Jr. FOR Green,29.2333333333333,NA,NA,NA,2021-06-09
NA,Deandre Ayton,PHX,NA,NA,NA,NA,42000232,2,5:10,Ayton Out of Bounds - Bad Pass Turnover Turnover (P3.T4),NA,29.1666666666667,NA,NA,NA,2021-06-09
NA,Devin Booker,PHX,Nikola Jokic,DEN,NA,NA,42000232,2,5:00,Booker P.FOUL (P1.T2) (Z.Zarba),NA,29,NA,NA,NA,2021-06-09
NA,Michael Porter Jr.,DEN,NA,NA,NA,NA,42000232,2,4:45,NA,MISS Porter Jr. 24' 3PT Step Back Jump Shot,28.75,NA,NA,NA,2021-06-09
NA,Jae Crowder,PHX,NA,NA,NA,NA,42000232,2,4:42,Crowder REBOUND (Off:0 Def:1),NA,28.7,NA,NA,NA,2021-06-09
NA,Austin Rivers,DEN,Devin Booker,PHX,NA,NA,42000232,2,4:39,NA,Rivers S.FOUL (P1.T3) (Z.Zarba),28.65,NA,NA,NA,2021-06-09
30 - 36,Devin Booker,PHX,NA,NA,NA,NA,42000232,2,4:39,Booker Free Throw 1 of 2 (7 PTS),NA,28.65,30,36,6,2021-06-09
30 - 37,Devin Booker,PHX,NA,NA,NA,NA,42000232,2,4:39,Booker Free Throw 2 of 2 (8 PTS),NA,28.65,30,37,7,2021-06-09
32 - 37,Nikola Jokic,DEN,NA,NA,NA,NA,42000232,2,4:23,NA,Jokic 10' Turnaround Hook Shot (10 PTS),28.3833333333333,32,37,5,2021-06-09
32 - 39,Cameron Payne,PHX,NA,NA,NA,NA,42000232,2,3:57,Payne 1' Driving Finger Roll Layup (4 PTS),NA,27.95,32,39,7,2021-06-09
NA,Cameron Payne,PHX,Facundo Campazzo,DEN,NA,NA,42000232,2,3:53,Payne P.FOUL (P3.T3) (J.Tiven),NA,27.8833333333333,NA,NA,NA,2021-06-09
NA,Mikal Bridges,PHX,Michael Porter Jr.,DEN,NA,NA,42000232,2,3:50,Bridges P.FOUL (P1.T4) (Z.Zarba),NA,27.8333333333333,NA,NA,NA,2021-06-09
NA,Cameron Payne,PHX,Chris Paul,PHX,NA,NA,42000232,2,3:50,SUB: Paul FOR Payne,NA,27.8333333333333,NA,NA,NA,2021-06-09
34 - 39,Michael Porter Jr.,DEN,Facundo Campazzo,DEN,NA,NA,42000232,2,3:45,NA,Porter Jr. 17' Jump Shot (2 PTS) (Campazzo 1 AST),27.75,34,39,5,2021-06-09
34 - 41,Devin Booker,PHX,NA,NA,NA,NA,42000232,2,3:30,Booker 21' Jump Shot (10 PTS),NA,27.5,34,41,7,2021-06-09
NA,Austin Rivers,DEN,Devin Booker,PHX,NA,NA,42000232,2,3:30,NA,Rivers S.FOUL (P2.T4) (B.Kennedy),27.5,NA,NA,NA,2021-06-09
34 - 42,Devin Booker,PHX,NA,NA,NA,NA,42000232,2,3:30,Booker Free Throw 1 of 1 (11 PTS),NA,27.5,34,42,8,2021-06-09
NA,Facundo Campazzo,DEN,NA,NA,NA,NA,42000232,2,3:09,NA,MISS Campazzo 26' 3PT Jump Shot,27.15,NA,NA,NA,2021-06-09
NA,Deandre Ayton,PHX,NA,NA,NA,NA,42000232,2,3:06,Ayton REBOUND (Off:1 Def:5),NA,27.1,NA,NA,NA,2021-06-09
NA,Mikal Bridges,PHX,NA,NA,NA,NA,42000232,2,3:01,MISS Bridges 1' Running Layup,NA,27.0166666666667,NA,NA,NA,2021-06-09
NA,Michael Porter Jr.,DEN,NA,NA,NA,NA,42000232,2,2:58,NA,Porter Jr. REBOUND (Off:0 Def:4),26.9666666666667,NA,NA,NA,2021-06-09
NA,Michael Porter Jr.,DEN,Devin Booker,PHX,NA,NA,42000232,2,2:46,Booker STEAL (1 STL),Porter Jr. Bad Pass Turnover (P1.T6),26.7666666666667,NA,NA,NA,2021-06-09
34 - 44,Devin Booker,PHX,NA,NA,NA,NA,42000232,2,2:42,Booker 1' Running Dunk (13 PTS),NA,26.7,34,44,10,2021-06-09
37 - 44,Facundo Campazzo,DEN,NA,NA,NA,NA,42000232,2,2:22,NA,Campazzo 25' 3PT Pullup Jump Shot (3 PTS),26.3666666666667,37,44,7,2021-06-09
NA,Nikola Jokic,DEN,Mikal Bridges,PHX,NA,NA,42000232,2,2:05,NA,Jokic S.FOUL (P1.PN) (Z.Zarba),26.0833333333333,NA,NA,NA,2021-06-09
NA,NA,NA,NA,NA,NA,NA,42000232,2,2:05,SUNS Timeout: Regular (Full 3 Short 0),NA,26.0833333333333,NA,NA,NA,2021-06-09
37 - 45,Mikal Bridges,PHX,NA,NA,NA,NA,42000232,2,2:05,Bridges Free Throw 1 of 2 (5 PTS),NA,26.0833333333333,37,45,8,2021-06-09
37 - 46,Mikal Bridges,PHX,NA,NA,NA,NA,42000232,2,2:05,Bridges Free Throw 2 of 2 (6 PTS),NA,26.0833333333333,37,46,9,2021-06-09
40 - 46,Nikola Jokic,DEN,Michael Porter Jr.,DEN,NA,NA,42000232,2,1:53,NA,Jokic 25' 3PT Jump Shot (13 PTS) (Porter Jr. 1 AST),25.8833333333333,40,46,6,2021-06-09
40 - 48,Deandre Ayton,PHX,Chris Paul,PHX,NA,NA,42000232,2,1:34,Ayton Alley Oop Layup (5 PTS) (Paul 7 AST),NA,25.5666666666667,40,48,8,2021-06-09
42 - 48,Nikola Jokic,DEN,NA,NA,NA,NA,42000232,2,1:11,NA,Jokic 17' Jump Shot (15 PTS),25.1833333333333,42,48,6,2021-06-09
42 - 50,Chris Paul,PHX,NA,NA,NA,NA,42000232,2,0:52,Paul 14' Pullup Jump Shot (6 PTS),NA,24.8666666666667,42,50,8,2021-06-09
NA,Nikola Jokic,DEN,NA,NA,NA,NA,42000232,2,0:29,NA,MISS Jokic 25' 3PT Step Back Jump Shot,24.4833333333333,NA,NA,NA,2021-06-09
NA,Jae Crowder,PHX,NA,NA,NA,NA,42000232,2,0:26,Crowder REBOUND (Off:0 Def:2),NA,24.4333333333333,NA,NA,NA,2021-06-09
NA,Michael Porter Jr.,DEN,Mikal Bridges,PHX,NA,NA,42000232,2,0:07,NA,Porter Jr. S.FOUL (P2.PN) (J.Tiven),24.1166666666667,NA,NA,NA,2021-06-09
NA,NA,NA,NA,NA,NA,NA,42000232,2,0:07,SUNS Violation: Delay of game Violation,NA,24.1166666666667,NA,NA,NA,2021-06-09
42 - 51,Mikal Bridges,PHX,NA,NA,NA,NA,42000232,2,0:07,Bridges Free Throw 1 of 2 (7 PTS),NA,24.1166666666667,42,51,9,2021-06-09
NA,Deandre Ayton,PHX,Dario Saric,PHX,NA,NA,42000232,2,0:07,SUB: Saric FOR Ayton,NA,24.1166666666667,NA,NA,NA,2021-06-09
42 - 52,Mikal Bridges,PHX,NA,NA,NA,NA,42000232,2,0:07,Bridges Free Throw 2 of 2 (8 PTS),NA,24.1166666666667,42,52,10,2021-06-09
NA,Facundo Campazzo,DEN,NA,NA,NA,NA,42000232,2,0:00,NA,MISS Campazzo 26' 3PT Step Back Jump Shot,24,NA,NA,NA,2021-06-09
NA,Dario Saric,PHX,NA,NA,NA,NA,42000232,2,0:00,Saric REBOUND (Off:0 Def:2),NA,24,NA,NA,NA,2021-06-09
42 - 52,NA,NA,NA,NA,NA,NA,42000232,2,0:00,NA,NA,24,42,52,10,2021-06-09
42 - 52,NA,NA,NA,NA,NA,NA,42000232,3,12:00,NA,NA,24,42,52,10,2021-06-09
NA,Devin Booker,PHX,NA,NA,NA,NA,42000232,3,11:42,MISS Booker 17' Pullup Jump Shot,NA,23.7,NA,NA,NA,2021-06-09
NA,Chris Paul,PHX,NA,NA,NA,NA,42000232,3,11:39,Paul REBOUND (Off:1 Def:4),NA,23.65,NA,NA,NA,2021-06-09
42 - 55,Jae Crowder,PHX,NA,NA,NA,NA,42000232,3,11:34,Crowder 26' 3PT Jump Shot (8 PTS),NA,23.5666666666667,42,55,13,2021-06-09
NA,Nikola Jokic,DEN,NA,NA,NA,NA,42000232,3,11:09,NA,MISS Jokic 5' Fadeaway Jumper,23.15,NA,NA,NA,2021-06-09
NA,Devin Booker,PHX,NA,NA,NA,NA,42000232,3,11:06,Booker REBOUND (Off:0 Def:7),NA,23.1,NA,NA,NA,2021-06-09
NA,Austin Rivers,DEN,Deandre Ayton,PHX,NA,NA,42000232,3,11:03,NA,Rivers S.FOUL (P3.T1) (B.Kennedy),23.05,NA,NA,NA,2021-06-09
42 - 56,Deandre Ayton,PHX,NA,NA,NA,NA,42000232,3,11:03,Ayton Free Throw 1 of 2 (6 PTS),NA,23.05,42,56,14,2021-06-09
42 - 57,Deandre Ayton,PHX,NA,NA,NA,NA,42000232,3,11:03,Ayton Free Throw 2 of 2 (7 PTS),NA,23.05,42,57,15,2021-06-09
NA,Chris Paul,PHX,Austin Rivers,DEN,NA,NA,42000232,3,10:46,Paul S.FOUL (P1.T1) (Z.Zarba),NA,22.7666666666667,NA,NA,NA,2021-06-09
NA,Austin Rivers,DEN,NA,NA,NA,NA,42000232,3,10:46,NA,MISS Rivers Free Throw 1 of 2,22.7666666666667,NA,NA,NA,2021-06-09
NA,NA,NA,NA,NA,NA,NA,42000232,3,10:46,NA,Nuggets Rebound,22.7666666666667,NA,NA,NA,2021-06-09
43 - 57,Austin Rivers,DEN,NA,NA,NA,NA,42000232,3,10:46,NA,Rivers Free Throw 2 of 2 (6 PTS),22.7666666666667,43,57,14,2021-06-09
43 - 60,Jae Crowder,PHX,Devin Booker,PHX,NA,NA,42000232,3,10:33,Crowder 25' 3PT Step Back Jump Shot (11 PTS) (Booker 2 AST),NA,22.55,43,60,17,2021-06-09
NA,NA,NA,NA,NA,NA,NA,42000232,3,10:31,NA,Nuggets Timeout: Regular (Reg.2 Short 0),22.5166666666667,NA,NA,NA,2021-06-09
NA,Nikola Jokic,DEN,NA,NA,NA,NA,42000232,3,10:18,NA,MISS Jokic 16' Jump Shot,22.3,NA,NA,NA,2021-06-09
NA,Devin Booker,PHX,NA,NA,NA,NA,42000232,3,10:16,Booker REBOUND (Off:0 Def:8),NA,22.2666666666667,NA,NA,NA,2021-06-09
43 - 62,Deandre Ayton,PHX,Chris Paul,PHX,NA,NA,42000232,3,10:03,Ayton Alley Oop Dunk (9 PTS) (Paul 8 AST),NA,22.05,43,62,19,2021-06-09
46 - 62,Michael Porter Jr.,DEN,Nikola Jokic,DEN,NA,NA,42000232,3,9:53,NA,Porter Jr. 25' 3PT Jump Shot (5 PTS) (Jokic 5 AST),21.8833333333333,46,62,16,2021-06-09
NA,Mikal Bridges,PHX,NA,NA,NA,NA,42000232,3,9:34,MISS Bridges 3PT Jump Shot,NA,21.5666666666667,NA,NA,NA,2021-06-09
NA,Nikola Jokic,DEN,NA,NA,NA,NA,42000232,3,9:33,NA,Jokic REBOUND (Off:2 Def:5),21.55,NA,NA,NA,2021-06-09
NA,Michael Porter Jr.,DEN,NA,NA,NA,NA,42000232,3,9:26,NA,MISS Porter Jr. 21' Pullup Jump Shot,21.4333333333333,NA,NA,NA,2021-06-09
NA,Jae Crowder,PHX,NA,NA,NA,NA,42000232,3,9:24,Crowder REBOUND (Off:0 Def:3),NA,21.4,NA,NA,NA,2021-06-09
46 - 65,Mikal Bridges,PHX,Chris Paul,PHX,NA,NA,42000232,3,9:15,Bridges 3PT Jump Shot (11 PTS) (Paul 9 AST),NA,21.25,46,65,19,2021-06-09
NA,Michael Porter Jr.,DEN,NA,NA,NA,NA,42000232,3,8:54,NA,MISS Porter Jr. 27' 3PT Jump Shot,20.9,NA,NA,NA,2021-06-09
NA,Devin Booker,PHX,NA,NA,NA,NA,42000232,3,8:50,Booker REBOUND (Off:0 Def:9),NA,20.8333333333333,NA,NA,NA,2021-06-09
NA,Michael Porter Jr.,DEN,Deandre Ayton,PHX,NA,NA,42000232,3,8:45,NA,Porter Jr. P.FOUL (P3.T2) (J.Tiven),20.75,NA,NA,NA,2021-06-09
NA,Michael Porter Jr.,DEN,Monte Morris,DEN,NA,NA,42000232,3,8:45,NA,SUB: Morris FOR Porter Jr.,20.75,NA,NA,NA,2021-06-09
NA,Jae Crowder,PHX,NA,NA,NA,NA,42000232,3,8:38,MISS Crowder 27' 3PT Jump Shot,NA,20.6333333333333,NA,NA,NA,2021-06-09
NA,Nikola Jokic,DEN,NA,NA,NA,NA,42000232,3,8:36,NA,Jokic REBOUND (Off:2 Def:6),20.6,NA,NA,NA,2021-06-09
NA,Austin Rivers,DEN,NA,NA,NA,NA,42000232,3,8:27,NA,MISS Rivers 26' 3PT Jump Shot,20.45,NA,NA,NA,2021-06-09
NA,Deandre Ayton,PHX,NA,NA,NA,NA,42000232,3,8:25,Ayton REBOUND (Off:1 Def:6),NA,20.4166666666667,NA,NA,NA,2021-06-09
NA,Mikal Bridges,PHX,NA,NA,NA,NA,42000232,3,8:16,MISS Bridges 3PT Jump Shot,NA,20.2666666666667,NA,NA,NA,2021-06-09
NA,Nikola Jokic,DEN,NA,NA,NA,NA,42000232,3,8:14,NA,Jokic REBOUND (Off:2 Def:7),20.2333333333333,NA,NA,NA,2021-06-09
NA,Chris Paul,PHX,Nikola Jokic,DEN,NA,NA,42000232,3,8:10,Paul S.FOUL (P2.T2) (Z.Zarba),NA,20.1666666666667,NA,NA,NA,2021-06-09
47 - 65,Nikola Jokic,DEN,NA,NA,NA,NA,42000232,3,8:10,NA,Jokic Free Throw 1 of 2 (16 PTS),20.1666666666667,47,65,18,2021-06-09
48 - 65,Nikola Jokic,DEN,NA,NA,NA,NA,42000232,3,8:10,NA,Jokic Free Throw 2 of 2 (17 PTS),20.1666666666667,48,65,17,2021-06-09
NA,Devin Booker,PHX,NA,NA,NA,NA,42000232,3,7:55,MISS Booker 26' 3PT Pullup Jump Shot,NA,19.9166666666667,NA,NA,NA,2021-06-09
NA,Deandre Ayton,PHX,NA,NA,NA,NA,42000232,3,7:53,Ayton REBOUND (Off:2 Def:6),NA,19.8833333333333,NA,NA,NA,2021-06-09
48 - 67,Deandre Ayton,PHX,NA,NA,NA,NA,42000232,3,7:50,Ayton 4' Floating Jump Shot (11 PTS),NA,19.8333333333333,48,67,19,2021-06-09
NA,Nikola Jokic,DEN,Jae Crowder,PHX,NA,NA,42000232,3,7:31,Crowder STEAL (1 STL),Jokic Lost Ball Turnover (P2.T7),19.5166666666667,NA,NA,NA,2021-06-09
NA,Devin Booker,PHX,NA,NA,NA,NA,42000232,3,7:28,Booker Backcourt Turnover (P2.T5),NA,19.4666666666667,NA,NA,NA,2021-06-09
NA,Jae Crowder,PHX,Aaron Gordon,DEN,NA,NA,42000232,3,7:24,Crowder P.FOUL (P1.T3) (J.Tiven),NA,19.4,NA,NA,NA,2021-06-09
NA,Jae Crowder,PHX,Aaron Gordon,DEN,NA,NA,42000232,3,7:24,NA,NA,19.4,NA,NA,NA,2021-06-09
NA,Aaron Gordon,DEN,Jae Crowder,PHX,NA,NA,42000232,3,7:11,NA,Gordon OFF.Foul (P2) (B.Kennedy),19.1833333333333,NA,NA,NA,2021-06-09
NA,Aaron Gordon,DEN,NA,NA,NA,NA,42000232,3,7:11,NA,Gordon Offensive Foul Turnover (P1.T8),19.1833333333333,NA,NA,NA,2021-06-09
48 - 69,Chris Paul,PHX,NA,NA,NA,NA,42000232,3,6:57,Paul 18' Pullup Jump Shot (8 PTS),NA,18.95,48,69,21,2021-06-09
NA,NA,NA,NA,NA,NA,NA,42000232,3,6:55,NA,Nuggets Timeout: Regular (Reg.3 Short 0),18.9166666666667,NA,NA,NA,2021-06-09
NA,Austin Rivers,DEN,JaMychal Green,DEN,NA,NA,42000232,3,6:55,NA,SUB: Green FOR Rivers,18.9166666666667,NA,NA,NA,2021-06-09
NA,Aaron Gordon,DEN,Will Barton,DEN,NA,NA,42000232,3,6:55,NA,SUB: Barton FOR Gordon,18.9166666666667,NA,NA,NA,2021-06-09
51 - 69,Monte Morris,DEN,NA,NA,NA,NA,42000232,3,6:46,NA,Morris 26' 3PT Pullup Jump Shot (3 PTS),18.7666666666667,51,69,18,2021-06-09
51 - 71,Devin Booker,PHX,Chris Paul,PHX,NA,NA,42000232,3,6:30,Booker 15' Jump Shot (15 PTS) (Paul 10 AST),NA,18.5,51,71,20,2021-06-09
54 - 71,Will Barton,DEN,Nikola Jokic,DEN,NA,NA,42000232,3,6:16,NA,Barton 26' 3PT Step Back Jump Shot (10 PTS) (Jokic 6 AST),18.2666666666667,54,71,17,2021-06-09
NA,Mikal Bridges,PHX,NA,NA,NA,NA,42000232,3,5:57,MISS Bridges 24' 3PT Jump Shot,NA,17.95,NA,NA,NA,2021-06-09
NA,Nikola Jokic,DEN,NA,NA,NA,NA,42000232,3,5:54,NA,Jokic REBOUND (Off:2 Def:8),17.9,NA,NA,NA,2021-06-09
56 - 71,Nikola Jokic,DEN,Monte Morris,DEN,NA,NA,42000232,3,5:41,NA,Jokic 3' Floating Jump Shot (19 PTS) (Morris 1 AST),17.6833333333333,56,71,15,2021-06-09
56 - 73,Deandre Ayton,PHX,Chris Paul,PHX,NA,NA,42000232,3,5:26,Ayton 1' Cutting Layup Shot (13 PTS) (Paul 11 AST),NA,17.4333333333333,56,73,17,2021-06-09
NA,JaMychal Green,DEN,NA,NA,NA,NA,42000232,3,5:03,NA,MISS Green 1' Layup,17.05,NA,NA,NA,2021-06-09
NA,JaMychal Green,DEN,NA,NA,NA,NA,42000232,3,5:01,NA,Green REBOUND (Off:1 Def:3),17.0166666666667,NA,NA,NA,2021-06-09
58 - 73,Nikola Jokic,DEN,Facundo Campazzo,DEN,NA,NA,42000232,3,4:58,NA,Jokic 9' Driving Floating Jump Shot (21 PTS) (Campazzo 2 AST),16.9666666666667,58,73,15,2021-06-09
NA,Facundo Campazzo,DEN,Chris Paul,PHX,NA,NA,42000232,3,4:48,NA,Campazzo P.FOUL (P2.T3) (Z.Zarba),16.8,NA,NA,NA,2021-06-09
NA,Devin Booker,PHX,NA,NA,NA,NA,42000232,3,4:40,MISS Booker 12' Turnaround Fadeaway Shot,NA,16.6666666666667,NA,NA,NA,2021-06-09
NA,Facundo Campazzo,DEN,NA,NA,NA,NA,42000232,3,4:38,NA,Campazzo REBOUND (Off:0 Def:4),16.6333333333333,NA,NA,NA,2021-06-09
NA,JaMychal Green,DEN,NA,NA,NA,NA,42000232,3,4:23,NA,MISS Green 1' Driving Layup,16.3833333333333,NA,NA,NA,2021-06-09
NA,Nikola Jokic,DEN,NA,NA,NA,NA,42000232,3,4:20,NA,Jokic REBOUND (Off:3 Def:8),16.3333333333333,NA,NA,NA,2021-06-09
NA,Will Barton,DEN,NA,NA,NA,NA,42000232,3,4:17,NA,MISS Barton 11' Driving Floating Jump Shot,16.2833333333333,NA,NA,NA,2021-06-09
NA,Deandre Ayton,PHX,NA,NA,NA,NA,42000232,3,4:14,Ayton REBOUND (Off:2 Def:7),NA,16.2333333333333,NA,NA,NA,2021-06-09
58 - 76,Devin Booker,PHX,Chris Paul,PHX,NA,NA,42000232,3,4:03,Booker 27' 3PT Jump Shot (18 PTS) (Paul 12 AST),NA,16.05,58,76,18,2021-06-09
NA,Nikola Jokic,DEN,NA,NA,NA,NA,42000232,3,3:37,NA,MISS Jokic 5' Hook Shot,15.6166666666667,NA,NA,NA,2021-06-09
NA,Jae Crowder,PHX,NA,NA,NA,NA,42000232,3,3:36,Crowder REBOUND (Off:0 Def:4),NA,15.6,NA,NA,NA,2021-06-09
58 - 78,Mikal Bridges,PHX,Chris Paul,PHX,NA,NA,42000232,3,3:30,Bridges 1' Cutting Dunk Shot (13 PTS) (Paul 13 AST),NA,15.5,58,78,20,2021-06-09
NA,NA,NA,NA,NA,NA,NA,42000232,3,3:30,NA,Nuggets Timeout: Regular (Reg.4 Short 0),15.5,NA,NA,NA,2021-06-09
NA,Will Barton,DEN,NA,NA,NA,NA,42000232,3,3:30,NA,Barton T.FOUL (P0.T3) (J.Tiven),15.5,NA,NA,NA,2021-06-09
NA,Mikal Bridges,PHX,Cameron Johnson,PHX,NA,NA,42000232,3,3:30,SUB: Johnson FOR Bridges,NA,15.5,NA,NA,NA,2021-06-09
NA,Facundo Campazzo,DEN,Michael Porter Jr.,DEN,NA,NA,42000232,3,3:30,NA,SUB: Porter Jr. FOR Campazzo,15.5,NA,NA,NA,2021-06-09
58 - 79,Chris Paul,PHX,NA,NA,NA,NA,42000232,3,3:30,Paul Free Throw Technical (9 PTS),NA,15.5,58,79,21,2021-06-09
NA,Chris Paul,PHX,Cameron Payne,PHX,NA,NA,42000232,3,3:30,SUB: Payne FOR Paul,NA,15.5,NA,NA,NA,2021-06-09
60 - 79,Nikola Jokic,DEN,Will Barton,DEN,NA,NA,42000232,3,3:10,NA,Jokic 10' Jump Shot (23 PTS) (Barton 2 AST),15.1666666666667,60,79,19,2021-06-09
NA,Devin Booker,PHX,NA,NA,NA,NA,42000232,3,2:47,MISS Booker 25' 3PT Pullup Jump Shot,NA,14.7833333333333,NA,NA,NA,2021-06-09
NA,Nikola Jokic,DEN,NA,NA,NA,NA,42000232,3,2:44,NA,Jokic REBOUND (Off:3 Def:9),14.7333333333333,NA,NA,NA,2021-06-09
NA,Will Barton,DEN,NA,NA,NA,NA,42000232,3,2:39,NA,MISS Barton 26' 3PT Running Jump Shot,14.65,NA,NA,NA,2021-06-09
NA,Monte Morris,DEN,NA,NA,NA,NA,42000232,3,2:35,NA,Morris REBOUND (Off:2 Def:2),14.5833333333333,NA,NA,NA,2021-06-09
NA,Nikola Jokic,DEN,NA,NA,NA,NA,42000232,3,2:33,NA,MISS Jokic 25' 3PT Jump Shot,14.55,NA,NA,NA,2021-06-09
NA,Jae Crowder,PHX,NA,NA,NA,NA,42000232,3,2:31,Crowder REBOUND (Off:0 Def:5),NA,14.5166666666667,NA,NA,NA,2021-06-09
60 - 81,Deandre Ayton,PHX,Cameron Payne,PHX,NA,NA,42000232,3,2:22,Ayton 2' Cutting Layup Shot (15 PTS) (Payne 1 AST),NA,14.3666666666667,60,81,21,2021-06-09
NA,Will Barton,DEN,NA,NA,NA,NA,42000232,3,2:12,NA,MISS Barton 26' 3PT Jump Shot,14.2,NA,NA,NA,2021-06-09
NA,Nikola Jokic,DEN,NA,NA,NA,NA,42000232,3,2:09,NA,Jokic REBOUND (Off:4 Def:9),14.15,NA,NA,NA,2021-06-09
NA,Cameron Payne,PHX,Nikola Jokic,DEN,NA,NA,42000232,3,2:08,Payne P.FOUL (P4.T4) (B.Kennedy),NA,14.133333333333301,NA,NA,NA,2021-06-09
NA,Jae Crowder,PHX,Torrey Craig,PHX,NA,NA,42000232,3,2:08,SUB: Craig FOR Crowder,NA,14.133333333333301,NA,NA,NA,2021-06-09
NA,Monte Morris,DEN,NA,NA,NA,NA,42000232,3,1:54,NA,MISS Morris 2' Driving Floating Bank Jump Shot,13.9,NA,NA,NA,2021-06-09
NA,Devin Booker,PHX,NA,NA,NA,NA,42000232,3,1:52,Booker REBOUND (Off:0 Def:10),NA,13.8666666666667,NA,NA,NA,2021-06-09
NA,Cameron Payne,PHX,NA,NA,NA,NA,42000232,3,1:44,MISS Payne 25' 3PT Pullup Jump Shot,NA,13.7333333333333,NA,NA,NA,2021-06-09
NA,Michael Porter Jr.,DEN,NA,NA,NA,NA,42000232,3,1:42,NA,Porter Jr. REBOUND (Off:0 Def:5),13.7,NA,NA,NA,2021-06-09
NA,Torrey Craig,PHX,Nikola Jokic,DEN,NA,NA,42000232,3,1:38,Craig S.FOUL (P1.PN) (Z.Zarba),NA,13.633333333333301,NA,NA,NA,2021-06-09
61 - 81,Nikola Jokic,DEN,NA,NA,NA,NA,42000232,3,1:38,NA,Jokic Free Throw 1 of 2 (24 PTS),13.633333333333301,61,81,20,2021-06-09
NA,Nikola Jokic,DEN,NA,NA,NA,NA,42000232,3,1:38,NA,MISS Jokic Free Throw 2 of 2,13.633333333333301,NA,NA,NA,2021-06-09
NA,Deandre Ayton,PHX,NA,NA,NA,NA,42000232,3,1:36,Ayton REBOUND (Off:2 Def:8),NA,13.6,NA,NA,NA,2021-06-09
NA,Cameron Johnson,PHX,NA,NA,NA,NA,42000232,3,1:21,MISS Johnson 25' 3PT Jump Shot,NA,13.35,NA,NA,NA,2021-06-09
NA,NA,NA,NA,NA,NA,NA,42000232,3,1:19,NA,Nuggets Rebound,13.3166666666667,NA,NA,NA,2021-06-09
NA,Deandre Ayton,PHX,Dario Saric,PHX,NA,NA,42000232,3,1:19,SUB: Saric FOR Ayton,NA,13.3166666666667,NA,NA,NA,2021-06-09
NA,Nikola Jokic,DEN,Paul Millsap,DEN,NA,NA,42000232,3,1:19,NA,SUB: Millsap FOR Jokic,13.3166666666667,NA,NA,NA,2021-06-09
NA,Michael Porter Jr.,DEN,NA,NA,NA,NA,42000232,3,1:03,NA,MISS Porter Jr. 16' Pullup Jump Shot,13.05,NA,NA,NA,2021-06-09
NA,Cameron Payne,PHX,NA,NA,NA,NA,42000232,3,1:00,Payne REBOUND (Off:0 Def:2),NA,13,NA,NA,NA,2021-06-09
NA,JaMychal Green,DEN,Cameron Johnson,PHX,NA,NA,42000232,3,0:56,NA,Green P.FOUL (P2.T4) (Z.Zarba),12.9333333333333,NA,NA,NA,2021-06-09
NA,Cameron Payne,PHX,NA,NA,NA,NA,42000232,3,0:46,MISS Payne 26' 3PT Jump Shot,NA,12.7666666666667,NA,NA,NA,2021-06-09
NA,Torrey Craig,PHX,NA,NA,NA,NA,42000232,3,0:42,Craig REBOUND (Off:2 Def:0),NA,12.7,NA,NA,NA,2021-06-09
61 - 83,Torrey Craig,PHX,NA,NA,NA,NA,42000232,3,0:42,Craig Tip Layup Shot (2 PTS),NA,12.7,61,83,22,2021-06-09
64 - 83,Paul Millsap,DEN,Monte Morris,DEN,NA,NA,42000232,3,0:32,NA,Millsap 26' 3PT Jump Shot (5 PTS) (Morris 2 AST),12.5333333333333,64,83,19,2021-06-09
64 - 86,Cameron Payne,PHX,Torrey Craig,PHX,NA,NA,42000232,3,0:13,Payne 26' 3PT Jump Shot (7 PTS) (Craig 2 AST),NA,12.2166666666667,64,86,22,2021-06-09
67 - 86,Paul Millsap,DEN,Will Barton,DEN,NA,NA,42000232,3,0:00,NA,Millsap 26' 3PT Jump Shot (8 PTS) (Barton 3 AST),12,67,86,19,2021-06-09
67 - 86,NA,NA,NA,NA,NA,NA,42000232,3,0:00,NA,NA,12,67,86,19,2021-06-09
67 - 86,NA,NA,NA,NA,NA,NA,42000232,4,12:00,NA,NA,12,67,86,19,2021-06-09
NA,Cameron Payne,PHX,Paul Millsap,DEN,NA,NA,42000232,4,11:46,Payne S.FOUL (P5.T1) (Z.Zarba),NA,11.7666666666667,NA,NA,NA,2021-06-09
NA,Paul Millsap,DEN,NA,NA,NA,NA,42000232,4,11:46,NA,MISS Millsap Free Throw 1 of 2,11.7666666666667,NA,NA,NA,2021-06-09
NA,NA,NA,NA,NA,NA,NA,42000232,4,11:46,NA,Nuggets Rebound,11.7666666666667,NA,NA,NA,2021-06-09
NA,Paul Millsap,DEN,NA,NA,NA,NA,42000232,4,11:46,NA,MISS Millsap Free Throw 2 of 2,11.7666666666667,NA,NA,NA,2021-06-09
NA,Torrey Craig,PHX,NA,NA,NA,NA,42000232,4,11:42,Craig REBOUND (Off:2 Def:1),NA,11.7,NA,NA,NA,2021-06-09
67 - 88,Chris Paul,PHX,NA,NA,NA,NA,42000232,4,11:26,Paul 20' Step Back Jump Shot (11 PTS),NA,11.4333333333333,67,88,21,2021-06-09
NA,Paul Millsap,DEN,NA,NA,NA,NA,42000232,4,11:06,NA,MISS Millsap 10' Pullup Jump Shot,11.1,NA,NA,NA,2021-06-09
NA,Michael Porter Jr.,DEN,NA,NA,NA,NA,42000232,4,11:05,NA,Porter Jr. REBOUND (Off:1 Def:5),11.0833333333333,NA,NA,NA,2021-06-09
NA,Dario Saric,PHX,Michael Porter Jr.,DEN,NA,NA,42000232,4,11:05,Saric S.FOUL (P1.T2) (J.Tiven),NA,11.0833333333333,NA,NA,NA,2021-06-09
68 - 88,Michael Porter Jr.,DEN,NA,NA,NA,NA,42000232,4,11:05,NA,Porter Jr. Free Throw 1 of 2 (6 PTS),11.0833333333333,68,88,20,2021-06-09
NA,Michael Porter Jr.,DEN,NA,NA,NA,NA,42000232,4,11:05,NA,MISS Porter Jr. Free Throw 2 of 2,11.0833333333333,NA,NA,NA,2021-06-09
NA,Cameron Payne,PHX,Mikal Bridges,PHX,NA,NA,42000232,4,11:05,SUB: Bridges FOR Payne,NA,11.0833333333333,NA,NA,NA,2021-06-09
NA,Dario Saric,PHX,NA,NA,NA,NA,42000232,4,11:02,Saric REBOUND (Off:0 Def:3),NA,11.0333333333333,NA,NA,NA,2021-06-09
68 - 91,Torrey Craig,PHX,Chris Paul,PHX,NA,NA,42000232,4,10:49,Craig 3PT Jump Shot (5 PTS) (Paul 14 AST),NA,10.8166666666667,68,91,23,2021-06-09
NA,Mikal Bridges,PHX,Michael Porter Jr.,DEN,NA,NA,42000232,4,10:34,Bridges S.FOUL (P2.T3) (B.Kennedy),NA,10.5666666666667,NA,NA,NA,2021-06-09
69 - 91,Michael Porter Jr.,DEN,NA,NA,NA,NA,42000232,4,10:34,NA,Porter Jr. Free Throw 1 of 2 (7 PTS),10.5666666666667,69,91,22,2021-06-09
70 - 91,Michael Porter Jr.,DEN,NA,NA,NA,NA,42000232,4,10:34,NA,Porter Jr. Free Throw 2 of 2 (8 PTS),10.5666666666667,70,91,21,2021-06-09
NA,Dario Saric,PHX,NA,NA,NA,NA,42000232,4,10:16,MISS Saric 12' Floating Jump Shot,NA,10.2666666666667,NA,NA,NA,2021-06-09
NA,Mikal Bridges,PHX,NA,NA,NA,NA,42000232,4,10:14,Bridges REBOUND (Off:1 Def:1),NA,10.2333333333333,NA,NA,NA,2021-06-09
70 - 93,Torrey Craig,PHX,Chris Paul,PHX,NA,NA,42000232,4,10:06,Craig Cutting Layup Shot (7 PTS) (Paul 15 AST),NA,10.1,70,93,23,2021-06-09
NA,Markus Howard,DEN,NA,NA,NA,NA,42000232,4,9:54,NA,MISS Howard 24' 3PT Jump Shot,9.9,NA,NA,NA,2021-06-09
NA,Dario Saric,PHX,NA,NA,NA,NA,42000232,4,9:52,Saric REBOUND (Off:0 Def:4),NA,9.86666666666667,NA,NA,NA,2021-06-09
70 - 95,Torrey Craig,PHX,NA,NA,NA,NA,42000232,4,9:50,Craig 4' Running Layup (9 PTS),NA,9.83333333333333,70,95,25,2021-06-09
NA,Michael Porter Jr.,DEN,Torrey Craig,PHX,NA,NA,42000232,4,9:50,NA,Porter Jr. S.FOUL (P4.T1) (B.Kennedy),9.83333333333333,NA,NA,NA,2021-06-09
NA,NA,NA,NA,NA,NA,NA,42000232,4,9:50,NA,Nuggets Timeout: Regular (Reg.5 Short 0),9.83333333333333,NA,NA,NA,2021-06-09
70 - 96,Torrey Craig,PHX,NA,NA,NA,NA,42000232,4,9:50,Craig Free Throw 1 of 1 (10 PTS),NA,9.83333333333333,70,96,26,2021-06-09
73 - 96,Michael Porter Jr.,DEN,Paul Millsap,DEN,NA,NA,42000232,4,9:30,NA,Porter Jr. 25' 3PT Jump Shot (11 PTS) (Millsap 1 AST),9.5,73,96,23,2021-06-09
73 - 99,Chris Paul,PHX,NA,NA,NA,NA,42000232,4,9:08,Paul 27' 3PT Pullup Jump Shot (14 PTS),NA,9.13333333333333,73,99,26,2021-06-09
75 - 99,JaMychal Green,DEN,Paul Millsap,DEN,NA,NA,42000232,4,8:52,NA,Green Cutting Dunk Shot (4 PTS) (Millsap 2 AST),8.86666666666667,75,99,24,2021-06-09
75 - 102,Chris Paul,PHX,NA,NA,NA,NA,42000232,4,8:36,Paul 26' 3PT Pullup Jump Shot (17 PTS),NA,8.6,75,102,27,2021-06-09
NA,NA,NA,NA,NA,NA,NA,42000232,4,8:35,NA,Nuggets Timeout: Regular (Reg.6 Short 0),8.58333333333333,NA,NA,NA,2021-06-09
NA,Chris Paul,PHX,Cameron Payne,PHX,NA,NA,42000232,4,8:35,SUB: Payne FOR Paul,NA,8.58333333333333,NA,NA,NA,2021-06-09
NA,Markus Howard,DEN,Austin Rivers,DEN,NA,NA,42000232,4,8:35,NA,SUB: Rivers FOR Howard,8.58333333333333,NA,NA,NA,2021-06-09
NA,Michael Porter Jr.,DEN,Facundo Campazzo,DEN,NA,NA,42000232,4,8:35,NA,SUB: Campazzo FOR Porter Jr.,8.58333333333333,NA,NA,NA,2021-06-09
78 - 102,Paul Millsap,DEN,Monte Morris,DEN,NA,NA,42000232,4,8:20,NA,Millsap 25' 3PT Jump Shot (11 PTS) (Morris 3 AST),8.33333333333333,78,102,24,2021-06-09
NA,Torrey Craig,PHX,NA,NA,NA,NA,42000232,4,8:03,MISS Craig 2' Driving Floating Bank Jump Shot,NA,8.05,NA,NA,NA,2021-06-09
NA,JaMychal Green,DEN,NA,NA,NA,NA,42000232,4,8:01,NA,Green REBOUND (Off:1 Def:4),8.01666666666667,NA,NA,NA,2021-06-09
NA,Monte Morris,DEN,NA,NA,NA,NA,42000232,4,7:58,NA,MISS Morris 25' 3PT Running Pull-Up Jump Shot,7.96666666666667,NA,NA,NA,2021-06-09
NA,Cameron Payne,PHX,NA,NA,NA,NA,42000232,4,7:54,Payne REBOUND (Off:0 Def:3),NA,7.9,NA,NA,NA,2021-06-09
NA,Cameron Payne,PHX,Austin Rivers,DEN,NA,NA,42000232,4,7:45,Payne Bad Pass Turnover (P1.T6),Rivers STEAL (1 STL),7.75,NA,NA,NA,2021-06-09
NA,Facundo Campazzo,DEN,NA,NA,NA,NA,42000232,4,7:35,NA,Campazzo Out of Bounds - Bad Pass Turnover Turnover (P1.T9),7.58333333333333,NA,NA,NA,2021-06-09
NA,Facundo Campazzo,DEN,Dario Saric,PHX,NA,NA,42000232,4,7:23,NA,Campazzo P.FOUL (P3.T2) (B.Kennedy),7.38333333333333,NA,NA,NA,2021-06-09
NA,Facundo Campazzo,DEN,Cameron Johnson,PHX,NA,NA,42000232,4,7:17,NA,Campazzo S.FOUL (P4.T3) (Z.Zarba),7.28333333333333,NA,NA,NA,2021-06-09
NA,Cameron Johnson,PHX,NA,NA,NA,NA,42000232,4,7:17,MISS Johnson Free Throw 1 of 2,NA,7.28333333333333,NA,NA,NA,2021-06-09
NA,NA,NA,NA,NA,NA,NA,42000232,4,7:17,SUNS Rebound,NA,7.28333333333333,NA,NA,NA,2021-06-09
NA,Facundo Campazzo,DEN,Markus Howard,DEN,NA,NA,42000232,4,7:17,NA,SUB: Howard FOR Campazzo,7.28333333333333,NA,NA,NA,2021-06-09
78 - 103,Cameron Johnson,PHX,NA,NA,NA,NA,42000232,4,7:17,Johnson Free Throw 2 of 2 (4 PTS),NA,7.28333333333333,78,103,25,2021-06-09
NA,Paul Millsap,DEN,NA,NA,NA,NA,42000232,4,7:02,NA,MISS Millsap 26' 3PT Jump Shot,7.03333333333333,NA,NA,NA,2021-06-09
NA,Monte Morris,DEN,NA,NA,NA,NA,42000232,4,6:58,NA,Morris REBOUND (Off:3 Def:2),6.96666666666667,NA,NA,NA,2021-06-09
NA,Paul Millsap,DEN,Cameron Payne,PHX,NA,NA,42000232,4,6:53,NA,Millsap OFF.Foul (P3) (Z.Zarba),6.88333333333333,NA,NA,NA,2021-06-09
NA,Paul Millsap,DEN,NA,NA,NA,NA,42000232,4,6:53,NA,Millsap Offensive Foul Turnover (P3.T10),6.88333333333333,NA,NA,NA,2021-06-09
NA,Paul Millsap,DEN,JaVale McGee,DEN,NA,NA,42000232,4,6:53,NA,SUB: McGee FOR Millsap,6.88333333333333,NA,NA,NA,2021-06-09
78 - 106,Cameron Johnson,PHX,Dario Saric,PHX,NA,NA,42000232,4,6:32,Johnson 26' 3PT Jump Shot (7 PTS) (Saric 1 AST),NA,6.53333333333333,78,106,28,2021-06-09
NA,JaVale McGee,DEN,NA,NA,NA,NA,42000232,4,6:14,NA,MISS McGee 1' Alley Oop Layup,6.23333333333333,NA,NA,NA,2021-06-09
NA,Torrey Craig,PHX,NA,NA,NA,NA,42000232,4,6:13,Craig REBOUND (Off:2 Def:2),NA,6.21666666666667,NA,NA,NA,2021-06-09
78 - 109,Mikal Bridges,PHX,Torrey Craig,PHX,NA,NA,42000232,4,6:06,Bridges 25' 3PT Step Back Jump Shot (16 PTS) (Craig 3 AST),NA,6.1,78,109,31,2021-06-09
NA,NA,NA,NA,NA,NA,NA,42000232,4,6:05,NA,Nuggets Timeout: Regular (Reg.7 Short 0),6.08333333333333,NA,NA,NA,2021-06-09
NA,Torrey Craig,PHX,Frank Kaminsky,PHX,NA,NA,42000232,4,6:05,SUB: Kaminsky FOR Craig,NA,6.08333333333333,NA,NA,NA,2021-06-09
NA,Cameron Payne,PHX,Jalen Smith,PHX,NA,NA,42000232,4,6:05,SUB: Smith FOR Payne,NA,6.08333333333333,NA,NA,NA,2021-06-09
NA,Dario Saric,PHX,Langston Galloway,PHX,NA,NA,42000232,4,6:05,SUB: Galloway FOR Saric,NA,6.08333333333333,NA,NA,NA,2021-06-09
NA,Cameron Johnson,PHX,E'Twaun Moore,PHX,NA,NA,42000232,4,6:05,SUB: Moore FOR Johnson,NA,6.08333333333333,NA,NA,NA,2021-06-09
NA,Mikal Bridges,PHX,Jevon Carter,PHX,NA,NA,42000232,4,6:05,SUB: Carter FOR Bridges,NA,6.08333333333333,NA,NA,NA,2021-06-09
NA,JaMychal Green,DEN,Shaquille Harrison,DEN,NA,NA,42000232,4,6:05,NA,SUB: Harrison FOR Green,6.08333333333333,NA,NA,NA,2021-06-09
NA,Monte Morris,DEN,Zeke Nnaji,DEN,NA,NA,42000232,4,6:05,NA,SUB: Nnaji FOR Morris,6.08333333333333,NA,NA,NA,2021-06-09
NA,Austin Rivers,DEN,Vlatko Cancar,DEN,NA,NA,42000232,4,6:05,NA,SUB: Cancar FOR Rivers,6.08333333333333,NA,NA,NA,2021-06-09
81 - 109,Markus Howard,DEN,Shaquille Harrison,DEN,NA,NA,42000232,4,5:52,NA,Howard 28' 3PT Jump Shot (3 PTS) (Harrison 1 AST),5.86666666666667,81,109,28,2021-06-09
NA,Langston Galloway,PHX,NA,NA,NA,NA,42000232,4,5:36,MISS Galloway 11' Fadeaway Jumper,NA,5.6,NA,NA,NA,2021-06-09
NA,JaVale McGee,DEN,NA,NA,NA,NA,42000232,4,5:35,NA,McGee REBOUND (Off:0 Def:1),5.58333333333333,NA,NA,NA,2021-06-09
83 - 109,Markus Howard,DEN,JaVale McGee,DEN,NA,NA,42000232,4,5:27,NA,Howard Cutting Finger Roll Layup Shot (5 PTS) (McGee 1 AST),5.45,83,109,26,2021-06-09
NA,E'Twaun Moore,PHX,NA,NA,NA,NA,42000232,4,5:10,MISS Moore 4' Driving Floating Jump Shot,NA,5.16666666666667,NA,NA,NA,2021-06-09
NA,Jalen Smith,PHX,NA,NA,NA,NA,42000232,4,5:10,Smith REBOUND (Off:1 Def:0),NA,5.16666666666667,NA,NA,NA,2021-06-09
NA,Jalen Smith,PHX,NA,NA,Shaquille Harrison,DEN,42000232,4,5:10,MISS Smith 5' Putback Layup,Harrison BLOCK (1 BLK),5.16666666666667,NA,NA,NA,2021-06-09
NA,NA,NA,NA,NA,NA,NA,42000232,4,5:10,SUNS Rebound,NA,5.16666666666667,NA,NA,NA,2021-06-09
NA,Jalen Smith,PHX,Shaquille Harrison,DEN,E'Twaun Moore,PHX,42000232,4,5:07,Jump Ball Smith vs. Harrison: Tip to Moore,NA,5.11666666666667,NA,NA,NA,2021-06-09
NA,E'Twaun Moore,PHX,NA,NA,NA,NA,42000232,4,5:01,MISS Moore 27' 3PT Jump Shot,NA,5.01666666666667,NA,NA,NA,2021-06-09
NA,Shaquille Harrison,DEN,NA,NA,NA,NA,42000232,4,4:54,NA,Harrison REBOUND (Off:0 Def:1),4.9,NA,NA,NA,2021-06-09
86 - 109,Zeke Nnaji,DEN,Shaquille Harrison,DEN,NA,NA,42000232,4,4:50,NA,Nnaji 25' 3PT Jump Shot (3 PTS) (Harrison 2 AST),4.83333333333333,86,109,23,2021-06-09
86 - 111,E'Twaun Moore,PHX,Frank Kaminsky,PHX,NA,NA,42000232,4,4:33,Moore 2' Driving Layup (2 PTS) (Kaminsky 1 AST),NA,4.55,86,111,25,2021-06-09
NA,Langston Galloway,PHX,Markus Howard,DEN,NA,NA,42000232,4,4:21,Galloway S.FOUL (P1.T4) (J.Tiven),NA,4.35,NA,NA,NA,2021-06-09
NA,Markus Howard,DEN,NA,NA,NA,NA,42000232,4,4:21,NA,MISS Howard Free Throw 1 of 2,4.35,NA,NA,NA,2021-06-09
NA,NA,NA,NA,NA,NA,NA,42000232,4,4:21,NA,Nuggets Rebound,4.35,NA,NA,NA,2021-06-09
87 - 111,Markus Howard,DEN,NA,NA,NA,NA,42000232,4,4:21,NA,Howard Free Throw 2 of 2 (6 PTS),4.35,87,111,24,2021-06-09
NA,Jevon Carter,PHX,NA,NA,NA,NA,42000232,4,4:04,MISS Carter 25' 3PT Jump Shot,NA,4.06666666666667,NA,NA,NA,2021-06-09
NA,Jalen Smith,PHX,NA,NA,NA,NA,42000232,4,3:59,Smith REBOUND (Off:2 Def:0),NA,3.98333333333333,NA,NA,NA,2021-06-09
NA,Jalen Smith,PHX,NA,NA,NA,NA,42000232,4,3:59,MISS Smith Tip Layup Shot,NA,3.98333333333333,NA,NA,NA,2021-06-09
NA,Shaquille Harrison,DEN,NA,NA,NA,NA,42000232,4,3:58,NA,Harrison REBOUND (Off:0 Def:2),3.96666666666667,NA,NA,NA,2021-06-09
NA,Markus Howard,DEN,NA,NA,NA,NA,42000232,4,3:47,NA,MISS Howard 2' Driving Floating Jump Shot,3.78333333333333,NA,NA,NA,2021-06-09
NA,E'Twaun Moore,PHX,NA,NA,NA,NA,42000232,4,3:45,Moore REBOUND (Off:0 Def:1),NA,3.75,NA,NA,NA,2021-06-09
NA,E'Twaun Moore,PHX,NA,NA,NA,NA,42000232,4,3:38,MISS Moore 5' Driving Floating Bank Jump Shot,NA,3.63333333333333,NA,NA,NA,2021-06-09
NA,NA,NA,NA,NA,NA,NA,42000232,4,3:38,NA,Nuggets Rebound,3.63333333333333,NA,NA,NA,2021-06-09
NA,Jalen Smith,PHX,Zeke Nnaji,DEN,NA,NA,42000232,4,3:38,Smith L.B.FOUL (P1.PN) (J.Tiven),NA,3.63333333333333,NA,NA,NA,2021-06-09
88 - 111,Zeke Nnaji,DEN,NA,NA,NA,NA,42000232,4,3:38,NA,Nnaji Free Throw 1 of 2 (4 PTS),3.63333333333333,88,111,23,2021-06-09
NA,Zeke Nnaji,DEN,NA,NA,NA,NA,42000232,4,3:38,NA,MISS Nnaji Free Throw 2 of 2,3.63333333333333,NA,NA,NA,2021-06-09
NA,NA,NA,NA,NA,NA,NA,42000232,4,3:38,NA,Nuggets Rebound,3.63333333333333,NA,NA,NA,2021-06-09
NA,Jalen Smith,PHX,JaVale McGee,DEN,NA,NA,42000232,4,3:38,Smith L.B.FOUL (P2.PN) (Z.Zarba),NA,3.63333333333333,NA,NA,NA,2021-06-09
NA,JaVale McGee,DEN,NA,NA,NA,NA,42000232,4,3:38,NA,MISS McGee Free Throw 1 of 2,3.63333333333333,NA,NA,NA,2021-06-09
NA,NA,NA,NA,NA,NA,NA,42000232,4,3:38,NA,Nuggets Rebound,3.63333333333333,NA,NA,NA,2021-06-09
89 - 111,JaVale McGee,DEN,NA,NA,NA,NA,42000232,4,3:38,NA,McGee Free Throw 2 of 2 (1 PTS),3.63333333333333,89,111,22,2021-06-09
NA,Langston Galloway,PHX,NA,NA,JaVale McGee,DEN,42000232,4,3:20,MISS Galloway 3' Driving Finger Roll Layup,McGee BLOCK (1 BLK),3.33333333333333,NA,NA,NA,2021-06-09
NA,Vlatko Cancar,DEN,NA,NA,NA,NA,42000232,4,3:17,NA,Cancar REBOUND (Off:0 Def:1),3.28333333333333,NA,NA,NA,2021-06-09
91 - 111,JaVale McGee,DEN,NA,NA,NA,NA,42000232,4,3:03,NA,McGee 4' Turnaround Fadeaway Bank Jump Shot (3 PTS),3.05,91,111,20,2021-06-09
91 - 114,Frank Kaminsky,PHX,Jevon Carter,PHX,NA,NA,42000232,4,2:47,Kaminsky 26' 3PT Jump Shot (3 PTS) (Carter 1 AST),NA,2.78333333333333,91,114,23,2021-06-09
NA,JaVale McGee,DEN,NA,NA,NA,NA,42000232,4,2:33,NA,MISS McGee 26' 3PT Jump Shot,2.55,NA,NA,NA,2021-06-09
NA,Frank Kaminsky,PHX,NA,NA,NA,NA,42000232,4,2:31,Kaminsky REBOUND (Off:0 Def:1),NA,2.51666666666667,NA,NA,NA,2021-06-09
91 - 116,E'Twaun Moore,PHX,Frank Kaminsky,PHX,NA,NA,42000232,4,2:22,Moore 2' Cutting Layup Shot (4 PTS) (Kaminsky 2 AST),NA,2.36666666666667,91,116,25,2021-06-09
94 - 116,Vlatko Cancar,DEN,Markus Howard,DEN,NA,NA,42000232,4,2:08,NA,Cancar 26' 3PT Jump Shot (3 PTS) (Howard 1 AST),2.13333333333333,94,116,22,2021-06-09
94 - 118,Jevon Carter,PHX,NA,NA,NA,NA,42000232,4,1:51,Carter 6' Turnaround Hook Shot (2 PTS),NA,1.85,94,118,24,2021-06-09
96 - 118,Vlatko Cancar,DEN,Shaquille Harrison,DEN,NA,NA,42000232,4,1:37,NA,Cancar 8' Driving Finger Roll Layup (5 PTS) (Harrison 3 AST),1.61666666666667,96,118,22,2021-06-09
96 - 121,E'Twaun Moore,PHX,Jevon Carter,PHX,NA,NA,42000232,4,1:19,Moore 24' 3PT Jump Shot (7 PTS) (Carter 2 AST),NA,1.31666666666667,96,121,25,2021-06-09
NA,Markus Howard,DEN,NA,NA,NA,NA,42000232,4,1:12,NA,MISS Howard 26' 3PT Step Back Jump Shot,1.2,NA,NA,NA,2021-06-09
NA,Langston Galloway,PHX,NA,NA,NA,NA,42000232,4,1:09,Galloway REBOUND (Off:0 Def:1),NA,1.15,NA,NA,NA,2021-06-09
NA,Shaquille Harrison,DEN,Langston Galloway,PHX,NA,NA,42000232,4,1:09,NA,Harrison P.FOUL (P1.T4) (Z.Zarba),1.15,NA,NA,NA,2021-06-09
NA,Jevon Carter,PHX,NA,NA,NA,NA,42000232,4,1:00,MISS Carter 21' Pullup Jump Shot,NA,1,NA,NA,NA,2021-06-09
NA,Shaquille Harrison,DEN,NA,NA,NA,NA,42000232,4,0:57,NA,Harrison REBOUND (Off:0 Def:3),0.95,NA,NA,NA,2021-06-09
NA,Shaquille Harrison,DEN,Langston Galloway,PHX,NA,NA,42000232,4,0:53,NA,Harrison Offensive Charge Foul (P2.PN) (J.Tiven),0.883333333333333,NA,NA,NA,2021-06-09
NA,Shaquille Harrison,DEN,NA,NA,NA,NA,42000232,4,0:53,NA,Harrison Offensive Foul Turnover (P1.T11),0.883333333333333,NA,NA,NA,2021-06-09
NA,Frank Kaminsky,PHX,NA,NA,JaVale McGee,DEN,42000232,4,0:45,MISS Kaminsky 4' Driving Layup,McGee BLOCK (2 BLK),0.75,NA,NA,NA,2021-06-09
NA,NA,NA,NA,NA,NA,NA,42000232,4,0:45,SUNS Rebound,NA,0.75,NA,NA,NA,2021-06-09
96 - 123,Frank Kaminsky,PHX,E'Twaun Moore,PHX,NA,NA,42000232,4,0:44,Kaminsky 1' Cutting Dunk Shot (5 PTS) (Moore 1 AST),NA,0.733333333333333,96,123,27,2021-06-09
NA,Markus Howard,DEN,NA,NA,Langston Galloway,PHX,42000232,4,0:33,Galloway BLOCK (1 BLK),MISS Howard 3PT Step Back Jump Shot,0.55,NA,NA,NA,2021-06-09
NA,Frank Kaminsky,PHX,NA,NA,NA,NA,42000232,4,0:28,Kaminsky REBOUND (Off:0 Def:2),NA,0.466666666666667,NA,NA,NA,2021-06-09
NA,E'Twaun Moore,PHX,Shaquille Harrison,DEN,NA,NA,42000232,4,0:22,Moore Bad Pass Turnover (P1.T7),Harrison STEAL (1 STL),0.366666666666667,NA,NA,NA,2021-06-09
98 - 123,Zeke Nnaji,DEN,NA,NA,NA,NA,42000232,4,0:18,NA,Nnaji 2' Running Layup (6 PTS),0.3,98,123,25,2021-06-09
98 - 123,NA,NA,NA,NA,NA,NA,42000232,4,0:00,NA,NA,0,98,123,25,2021-06-09
