time_quarter,play,time_remaining_final,quarter,away_score,score,home_score,home_team,away_team,score_away,score_home,margin_score,date,leading_team,home_team_full,home_primary_color,away_team_full,away_primary_color,game_description,away_fill,home_fill,scoring_team_color,scoring_team,max_home_lead,max_away_lead,winning_team,losing_team
12:00,Jump ball: D. Green vs. R. Williams (M. Smart gains possession),48,1st Quarter,Jump ball: D. Green vs. R. Williams (M. Smart gains possession),Jump ball: D. Green vs. R. Williams (M. Smart gains possession),Jump ball: D. Green vs. R. Williams (M. Smart gains possession),BOS,GSW,0,0,0,2022-06-16,TIE,Boston Celtics,#008348,Golden State Warriors,#fdb927,Boston Celtics Vs. Golden State Warriors,<span style='color:#fdb927';>Golden State Warriors</span>,<span style='color:#008348';>Boston Celtics</span>,#808080,TIE,12,-22,GSW,BOS
11:46,A. Horford makes free throw 2 of 2,47.77,1st Quarter,NA,0-2,+1,BOS,GSW,0,2,2,2022-06-16,BOS,Boston Celtics,#008348,Golden State Warriors,#fdb927,Boston Celtics Vs. Golden State Warriors,<span style='color:#fdb927';>Golden State Warriors</span>,<span style='color:#008348';>Boston Celtics</span>,#008348,BOS,12,-22,GSW,BOS
11:46,A. Horford makes free throw 1 of 2,47.77,1st Quarter,NA,0-1,+1,BOS,GSW,0,1,1,2022-06-16,BOS,Boston Celtics,#008348,Golden State Warriors,#fdb927,Boston Celtics Vs. Golden State Warriors,<span style='color:#fdb927';>Golden State Warriors</span>,<span style='color:#008348';>Boston Celtics</span>,#008348,BOS,12,-22,GSW,BOS
11:33,D. Green makes 2-pt jump shot from 10 ft (assist by S. Curry),47.55,1st Quarter,+2,2-2,NA,BOS,GSW,2,2,0,2022-06-16,TIE,Boston Celtics,#008348,Golden State Warriors,#fdb927,Boston Celtics Vs. Golden State Warriors,<span style='color:#fdb927';>Golden State Warriors</span>,<span style='color:#008348';>Boston Celtics</span>,#fdb927,GSW,12,-22,GSW,BOS
10:52,J. Brown makes 2-pt jump shot from 19 ft,46.87,1st Quarter,NA,2-4,+2,BOS,GSW,2,4,2,2022-06-16,BOS,Boston Celtics,#008348,Golden State Warriors,#fdb927,Boston Celtics Vs. Golden State Warriors,<span style='color:#fdb927';>Golden State Warriors</span>,<span style='color:#008348';>Boston Celtics</span>,#008348,BOS,12,-22,GSW,BOS
10:24,M. Smart makes 2-pt jump shot from 10 ft (assist by J. Brown),46.4,1st Quarter,NA,2-6,+2,BOS,GSW,2,6,4,2022-06-16,BOS,Boston Celtics,#008348,Golden State Warriors,#fdb927,Boston Celtics Vs. Golden State Warriors,<span style='color:#fdb927';>Golden State Warriors</span>,<span style='color:#008348';>Boston Celtics</span>,#008348,BOS,12,-22,GSW,BOS
9:55,J. Brown makes 3-pt jump shot from 28 ft (assist by M. Smart),45.92,1st Quarter,NA,2-9,+3,BOS,GSW,2,9,7,2022-06-16,BOS,Boston Celtics,#008348,Golden State Warriors,#fdb927,Boston Celtics Vs. Golden State Warriors,<span style='color:#fdb927';>Golden State Warriors</span>,<span style='color:#008348';>Boston Celtics</span>,#008348,BOS,12,-22,GSW,BOS
9:27,J. Tatum makes 3-pt jump shot from 25 ft (assist by M. Smart),45.45,1st Quarter,NA,2-12,+3,BOS,GSW,2,12,10,2022-06-16,BOS,Boston Celtics,#008348,Golden State Warriors,#fdb927,Boston Celtics Vs. Golden State Warriors,<span style='color:#fdb927';>Golden State Warriors</span>,<span style='color:#008348';>Boston Celtics</span>,#008348,BOS,12,-22,GSW,BOS
8:03,J. Tatum makes 2-pt jump shot from 18 ft,44.05,1st Quarter,NA,2-14,+2,BOS,GSW,2,14,12,2022-06-16,BOS,Boston Celtics,#008348,Golden State Warriors,#fdb927,Boston Celtics Vs. Golden State Warriors,<span style='color:#fdb927';>Golden State Warriors</span>,<span style='color:#008348';>Boston Celtics</span>,#008348,BOS,12,-22,GSW,BOS
7:48,A. Wiggins makes 3-pt jump shot from 27 ft (assist by K. Looney),43.8,1st Quarter,+3,5-14,NA,BOS,GSW,5,14,9,2022-06-16,BOS,Boston Celtics,#008348,Golden State Warriors,#fdb927,Boston Celtics Vs. Golden State Warriors,<span style='color:#fdb927';>Golden State Warriors</span>,<span style='color:#008348';>Boston Celtics</span>,#fdb927,GSW,12,-22,GSW,BOS
7:17,K. Thompson makes 2-pt jump shot from 14 ft (assist by D. Green),43.28,1st Quarter,+2,7-14,NA,BOS,GSW,7,14,7,2022-06-16,BOS,Boston Celtics,#008348,Golden State Warriors,#fdb927,Boston Celtics Vs. Golden State Warriors,<span style='color:#fdb927';>Golden State Warriors</span>,<span style='color:#008348';>Boston Celtics</span>,#fdb927,GSW,12,-22,GSW,BOS
5:57,D. White makes 2-pt layup from 1 ft (assist by J. Brown),41.95,1st Quarter,NA,7-16,+2,BOS,GSW,7,16,9,2022-06-16,BOS,Boston Celtics,#008348,Golden State Warriors,#fdb927,Boston Celtics Vs. Golden State Warriors,<span style='color:#fdb927';>Golden State Warriors</span>,<span style='color:#008348';>Boston Celtics</span>,#008348,BOS,12,-22,GSW,BOS
5:40,K. Thompson makes 3-pt jump shot from 25 ft (assist by D. Green),41.67,1st Quarter,+3,10-16,NA,BOS,GSW,10,16,6,2022-06-16,BOS,Boston Celtics,#008348,Golden State Warriors,#fdb927,Boston Celtics Vs. Golden State Warriors,<span style='color:#fdb927';>Golden State Warriors</span>,<span style='color:#008348';>Boston Celtics</span>,#fdb927,GSW,12,-22,GSW,BOS
4:53,R. Williams makes free throw 2 of 2,40.88,1st Quarter,NA,10-18,+1,BOS,GSW,10,18,8,2022-06-16,BOS,Boston Celtics,#008348,Golden State Warriors,#fdb927,Boston Celtics Vs. Golden State Warriors,<span style='color:#fdb927';>Golden State Warriors</span>,<span style='color:#008348';>Boston Celtics</span>,#008348,BOS,12,-22,GSW,BOS
4:53,R. Williams makes free throw 1 of 2,40.88,1st Quarter,NA,10-17,+1,BOS,GSW,10,17,7,2022-06-16,BOS,Boston Celtics,#008348,Golden State Warriors,#fdb927,Boston Celtics Vs. Golden State Warriors,<span style='color:#fdb927';>Golden State Warriors</span>,<span style='color:#008348';>Boston Celtics</span>,#008348,BOS,12,-22,GSW,BOS
4:30,S. Curry makes 2-pt layup from 6 ft,40.5,1st Quarter,+2,12-18,NA,BOS,GSW,12,18,6,2022-06-16,BOS,Boston Celtics,#008348,Golden State Warriors,#fdb927,Boston Celtics Vs. Golden State Warriors,<span style='color:#fdb927';>Golden State Warriors</span>,<span style='color:#008348';>Boston Celtics</span>,#fdb927,GSW,12,-22,GSW,BOS
4:03,J. Poole makes 2-pt jump shot from 12 ft (assist by S. Curry),40.05,1st Quarter,+2,14-18,NA,BOS,GSW,14,18,4,2022-06-16,BOS,Boston Celtics,#008348,Golden State Warriors,#fdb927,Boston Celtics Vs. Golden State Warriors,<span style='color:#fdb927';>Golden State Warriors</span>,<span style='color:#008348';>Boston Celtics</span>,#fdb927,GSW,12,-22,GSW,BOS
3:31,J. Brown makes 2-pt jump shot from 14 ft (assist by P. Pritchard),39.52,1st Quarter,NA,14-20,+2,BOS,GSW,14,20,6,2022-06-16,BOS,Boston Celtics,#008348,Golden State Warriors,#fdb927,Boston Celtics Vs. Golden State Warriors,<span style='color:#fdb927';>Golden State Warriors</span>,<span style='color:#008348';>Boston Celtics</span>,#008348,BOS,12,-22,GSW,BOS
3:06,G. Payton makes free throw 1 of 2,39.1,1st Quarter,+1,15-20,NA,BOS,GSW,15,20,5,2022-06-16,BOS,Boston Celtics,#008348,Golden State Warriors,#fdb927,Boston Celtics Vs. Golden State Warriors,<span style='color:#fdb927';>Golden State Warriors</span>,<span style='color:#008348';>Boston Celtics</span>,#fdb927,GSW,12,-22,GSW,BOS
3:06,G. Payton makes free throw 2 of 2,39.1,1st Quarter,+1,16-20,NA,BOS,GSW,16,20,4,2022-06-16,BOS,Boston Celtics,#008348,Golden State Warriors,#fdb927,Boston Celtics Vs. Golden State Warriors,<span style='color:#fdb927';>Golden State Warriors</span>,<span style='color:#008348';>Boston Celtics</span>,#fdb927,GSW,12,-22,GSW,BOS
2:53,J. Tatum makes 2-pt jump shot from 16 ft (assist by D. White),38.88,1st Quarter,NA,16-22,+2,BOS,GSW,16,22,6,2022-06-16,BOS,Boston Celtics,#008348,Golden State Warriors,#fdb927,Boston Celtics Vs. Golden State Warriors,<span style='color:#fdb927';>Golden State Warriors</span>,<span style='color:#008348';>Boston Celtics</span>,#008348,BOS,12,-22,GSW,BOS
2:28,G. Payton makes 2-pt layup from 7 ft,38.47,1st Quarter,+2,18-22,NA,BOS,GSW,18,22,4,2022-06-16,BOS,Boston Celtics,#008348,Golden State Warriors,#fdb927,Boston Celtics Vs. Golden State Warriors,<span style='color:#fdb927';>Golden State Warriors</span>,<span style='color:#008348';>Boston Celtics</span>,#fdb927,GSW,12,-22,GSW,BOS
1:20,D. Green makes 3-pt jump shot from 24 ft (assist by S. Curry),37.33,1st Quarter,+3,21-22,NA,BOS,GSW,21,22,1,2022-06-16,BOS,Boston Celtics,#008348,Golden State Warriors,#fdb927,Boston Celtics Vs. Golden State Warriors,<span style='color:#fdb927';>Golden State Warriors</span>,<span style='color:#008348';>Boston Celtics</span>,#fdb927,GSW,12,-22,GSW,BOS
0:56,S. Curry makes 3-pt jump shot from 25 ft (assist by G. Payton),36.93,1st Quarter,+3,24-22,NA,BOS,GSW,24,22,-2,2022-06-16,GSW,Boston Celtics,#008348,Golden State Warriors,#fdb927,Boston Celtics Vs. Golden State Warriors,<span style='color:#fdb927';>Golden State Warriors</span>,<span style='color:#008348';>Boston Celtics</span>,#fdb927,GSW,12,-22,GSW,BOS
0:23,J. Poole makes 3-pt jump shot from 28 ft,36.38,1st Quarter,+3,27-22,NA,BOS,GSW,27,22,-5,2022-06-16,GSW,Boston Celtics,#008348,Golden State Warriors,#fdb927,Boston Celtics Vs. Golden State Warriors,<span style='color:#fdb927';>Golden State Warriors</span>,<span style='color:#008348';>Boston Celtics</span>,#fdb927,GSW,12,-22,GSW,BOS
0:00,End of 1st quarter,36,1st Quarter,End of 1st quarter,End of 1st quarter,End of 1st quarter,BOS,GSW,27,22,-5,2022-06-16,GSW,Boston Celtics,#008348,Golden State Warriors,#fdb927,Boston Celtics Vs. Golden State Warriors,<span style='color:#fdb927';>Golden State Warriors</span>,<span style='color:#008348';>Boston Celtics</span>,#808080,TIE,12,-22,GSW,BOS
12:00,Start of 2nd quarter,36,2nd Quarter,Start of 2nd quarter,Start of 2nd quarter,Start of 2nd quarter,BOS,GSW,27,22,-5,2022-06-16,GSW,Boston Celtics,#008348,Golden State Warriors,#fdb927,Boston Celtics Vs. Golden State Warriors,<span style='color:#fdb927';>Golden State Warriors</span>,<span style='color:#008348';>Boston Celtics</span>,#808080,TIE,12,-22,GSW,BOS
11:33,J. Poole makes 3-pt jump shot from 28 ft (assist by D. Green),35.55,2nd Quarter,+3,30-22,NA,BOS,GSW,30,22,-8,2022-06-16,GSW,Boston Celtics,#008348,Golden State Warriors,#fdb927,Boston Celtics Vs. Golden State Warriors,<span style='color:#fdb927';>Golden State Warriors</span>,<span style='color:#008348';>Boston Celtics</span>,#fdb927,GSW,12,-22,GSW,BOS
11:11,A. Wiggins makes 2-pt layup from 4 ft (assist by K. Thompson),35.18,2nd Quarter,+2,32-22,NA,BOS,GSW,32,22,-10,2022-06-16,GSW,Boston Celtics,#008348,Golden State Warriors,#fdb927,Boston Celtics Vs. Golden State Warriors,<span style='color:#fdb927';>Golden State Warriors</span>,<span style='color:#008348';>Boston Celtics</span>,#fdb927,GSW,12,-22,GSW,BOS
10:31,J. Poole makes 3-pt jump shot from 28 ft (assist by D. Green),34.52,2nd Quarter,+3,35-22,NA,BOS,GSW,35,22,-13,2022-06-16,GSW,Boston Celtics,#008348,Golden State Warriors,#fdb927,Boston Celtics Vs. Golden State Warriors,<span style='color:#fdb927';>Golden State Warriors</span>,<span style='color:#008348';>Boston Celtics</span>,#fdb927,GSW,12,-22,GSW,BOS
10:13,A. Wiggins makes 2-pt dunk from 2 ft (assist by J. Poole),34.22,2nd Quarter,+2,37-22,NA,BOS,GSW,37,22,-15,2022-06-16,GSW,Boston Celtics,#008348,Golden State Warriors,#fdb927,Boston Celtics Vs. Golden State Warriors,<span style='color:#fdb927';>Golden State Warriors</span>,<span style='color:#008348';>Boston Celtics</span>,#fdb927,GSW,12,-22,GSW,BOS
9:59,J. Brown makes 3-pt jump shot from 25 ft (assist by J. Tatum),33.98,2nd Quarter,NA,37-25,+3,BOS,GSW,37,25,-12,2022-06-16,GSW,Boston Celtics,#008348,Golden State Warriors,#fdb927,Boston Celtics Vs. Golden State Warriors,<span style='color:#fdb927';>Golden State Warriors</span>,<span style='color:#008348';>Boston Celtics</span>,#008348,BOS,12,-22,GSW,BOS
9:07,J. Brown makes 2-pt jump shot from 15 ft (assist by J. Tatum),33.12,2nd Quarter,NA,37-27,+2,BOS,GSW,37,27,-10,2022-06-16,GSW,Boston Celtics,#008348,Golden State Warriors,#fdb927,Boston Celtics Vs. Golden State Warriors,<span style='color:#fdb927';>Golden State Warriors</span>,<span style='color:#008348';>Boston Celtics</span>,#008348,BOS,12,-22,GSW,BOS
8:03,J. Tatum makes 2-pt layup at rim (assist by A. Horford),32.05,2nd Quarter,NA,37-29,+2,BOS,GSW,37,29,-8,2022-06-16,GSW,Boston Celtics,#008348,Golden State Warriors,#fdb927,Boston Celtics Vs. Golden State Warriors,<span style='color:#fdb927';>Golden State Warriors</span>,<span style='color:#008348';>Boston Celtics</span>,#008348,BOS,12,-22,GSW,BOS
7:48,K. Thompson makes 2-pt jump shot from 18 ft (assist by S. Curry),31.8,2nd Quarter,+2,39-29,NA,BOS,GSW,39,29,-10,2022-06-16,GSW,Boston Celtics,#008348,Golden State Warriors,#fdb927,Boston Celtics Vs. Golden State Warriors,<span style='color:#fdb927';>Golden State Warriors</span>,<span style='color:#008348';>Boston Celtics</span>,#fdb927,GSW,12,-22,GSW,BOS
6:44,R. Williams makes 2-pt dunk at rim (assist by D. White),30.73,2nd Quarter,NA,39-31,+2,BOS,GSW,39,31,-8,2022-06-16,GSW,Boston Celtics,#008348,Golden State Warriors,#fdb927,Boston Celtics Vs. Golden State Warriors,<span style='color:#fdb927';>Golden State Warriors</span>,<span style='color:#008348';>Boston Celtics</span>,#008348,BOS,12,-22,GSW,BOS
6:27,A. Wiggins makes 3-pt jump shot from 24 ft (assist by S. Curry),30.45,2nd Quarter,+3,42-31,NA,BOS,GSW,42,31,-11,2022-06-16,GSW,Boston Celtics,#008348,Golden State Warriors,#fdb927,Boston Celtics Vs. Golden State Warriors,<span style='color:#fdb927';>Golden State Warriors</span>,<span style='color:#008348';>Boston Celtics</span>,#fdb927,GSW,12,-22,GSW,BOS
5:35,S. Curry makes 2-pt jump shot from 9 ft,29.58,2nd Quarter,+2,44-31,NA,BOS,GSW,44,31,-13,2022-06-16,GSW,Boston Celtics,#008348,Golden State Warriors,#fdb927,Boston Celtics Vs. Golden State Warriors,<span style='color:#fdb927';>Golden State Warriors</span>,<span style='color:#008348';>Boston Celtics</span>,#fdb927,GSW,12,-22,GSW,BOS
5:02,A. Horford makes 2-pt jump shot from 15 ft (assist by J. Tatum),29.03,2nd Quarter,NA,44-33,+2,BOS,GSW,44,33,-11,2022-06-16,GSW,Boston Celtics,#008348,Golden State Warriors,#fdb927,Boston Celtics Vs. Golden State Warriors,<span style='color:#fdb927';>Golden State Warriors</span>,<span style='color:#008348';>Boston Celtics</span>,#008348,BOS,12,-22,GSW,BOS
4:36,S. Curry makes 3-pt jump shot from 28 ft,28.6,2nd Quarter,+3,47-33,NA,BOS,GSW,47,33,-14,2022-06-16,GSW,Boston Celtics,#008348,Golden State Warriors,#fdb927,Boston Celtics Vs. Golden State Warriors,<span style='color:#fdb927';>Golden State Warriors</span>,<span style='color:#008348';>Boston Celtics</span>,#fdb927,GSW,12,-22,GSW,BOS
3:11,S. Curry makes 2-pt layup from 3 ft,27.18,2nd Quarter,+2,49-33,NA,BOS,GSW,49,33,-16,2022-06-16,GSW,Boston Celtics,#008348,Golden State Warriors,#fdb927,Boston Celtics Vs. Golden State Warriors,<span style='color:#fdb927';>Golden State Warriors</span>,<span style='color:#008348';>Boston Celtics</span>,#fdb927,GSW,12,-22,GSW,BOS
2:39,K. Thompson makes 2-pt layup from 4 ft (assist by D. Green),26.65,2nd Quarter,+2,51-33,NA,BOS,GSW,51,33,-18,2022-06-16,GSW,Boston Celtics,#008348,Golden State Warriors,#fdb927,Boston Celtics Vs. Golden State Warriors,<span style='color:#fdb927';>Golden State Warriors</span>,<span style='color:#008348';>Boston Celtics</span>,#fdb927,GSW,12,-22,GSW,BOS
2:09,K. Thompson makes 3-pt jump shot from 28 ft (assist by G. Payton),26.15,2nd Quarter,+3,54-33,NA,BOS,GSW,54,33,-21,2022-06-16,GSW,Boston Celtics,#008348,Golden State Warriors,#fdb927,Boston Celtics Vs. Golden State Warriors,<span style='color:#fdb927';>Golden State Warriors</span>,<span style='color:#008348';>Boston Celtics</span>,#fdb927,GSW,12,-22,GSW,BOS
1:58,J. Tatum makes 2-pt jump shot from 7 ft (assist by M. Smart),25.97,2nd Quarter,NA,54-35,+2,BOS,GSW,54,35,-19,2022-06-16,GSW,Boston Celtics,#008348,Golden State Warriors,#fdb927,Boston Celtics Vs. Golden State Warriors,<span style='color:#fdb927';>Golden State Warriors</span>,<span style='color:#008348';>Boston Celtics</span>,#008348,BOS,12,-22,GSW,BOS
1:26,J. Brown makes free throw 1 of 2,25.43,2nd Quarter,NA,54-36,+1,BOS,GSW,54,36,-18,2022-06-16,GSW,Boston Celtics,#008348,Golden State Warriors,#fdb927,Boston Celtics Vs. Golden State Warriors,<span style='color:#fdb927';>Golden State Warriors</span>,<span style='color:#008348';>Boston Celtics</span>,#008348,BOS,12,-22,GSW,BOS
1:26,J. Brown makes free throw 2 of 2,25.43,2nd Quarter,NA,54-37,+1,BOS,GSW,54,37,-17,2022-06-16,GSW,Boston Celtics,#008348,Golden State Warriors,#fdb927,Boston Celtics Vs. Golden State Warriors,<span style='color:#fdb927';>Golden State Warriors</span>,<span style='color:#008348';>Boston Celtics</span>,#008348,BOS,12,-22,GSW,BOS
0:23,R. Williams makes 2-pt layup from 5 ft (assist by M. Smart),24.38,2nd Quarter,NA,54-39,+2,BOS,GSW,54,39,-15,2022-06-16,GSW,Boston Celtics,#008348,Golden State Warriors,#fdb927,Boston Celtics Vs. Golden State Warriors,<span style='color:#fdb927';>Golden State Warriors</span>,<span style='color:#008348';>Boston Celtics</span>,#008348,BOS,12,-22,GSW,BOS
0:00,End of 2nd quarter,24,2nd Quarter,End of 2nd quarter,End of 2nd quarter,End of 2nd quarter,BOS,GSW,54,39,-15,2022-06-16,GSW,Boston Celtics,#008348,Golden State Warriors,#fdb927,Boston Celtics Vs. Golden State Warriors,<span style='color:#fdb927';>Golden State Warriors</span>,<span style='color:#008348';>Boston Celtics</span>,#808080,TIE,12,-22,GSW,BOS
12:00,Start of 3rd quarter,24,3rd Quarter,Start of 3rd quarter,Start of 3rd quarter,Start of 3rd quarter,BOS,GSW,54,39,-15,2022-06-16,GSW,Boston Celtics,#008348,Golden State Warriors,#fdb927,Boston Celtics Vs. Golden State Warriors,<span style='color:#fdb927';>Golden State Warriors</span>,<span style='color:#008348';>Boston Celtics</span>,#808080,TIE,12,-22,GSW,BOS
11:34,D. Green makes 3-pt jump shot from 24 ft (assist by A. Wiggins),23.57,3rd Quarter,+3,57-39,NA,BOS,GSW,57,39,-18,2022-06-16,GSW,Boston Celtics,#008348,Golden State Warriors,#fdb927,Boston Celtics Vs. Golden State Warriors,<span style='color:#fdb927';>Golden State Warriors</span>,<span style='color:#008348';>Boston Celtics</span>,#fdb927,GSW,12,-22,GSW,BOS
11:17,J. Brown makes 2-pt layup from 5 ft (assist by R. Williams),23.28,3rd Quarter,NA,57-41,+2,BOS,GSW,57,41,-16,2022-06-16,GSW,Boston Celtics,#008348,Golden State Warriors,#fdb927,Boston Celtics Vs. Golden State Warriors,<span style='color:#fdb927';>Golden State Warriors</span>,<span style='color:#008348';>Boston Celtics</span>,#008348,BOS,12,-22,GSW,BOS
9:44,A. Horford makes 3-pt jump shot from 25 ft (assist by M. Smart),21.73,3rd Quarter,NA,57-44,+3,BOS,GSW,57,44,-13,2022-06-16,GSW,Boston Celtics,#008348,Golden State Warriors,#fdb927,Boston Celtics Vs. Golden State Warriors,<span style='color:#fdb927';>Golden State Warriors</span>,<span style='color:#008348';>Boston Celtics</span>,#008348,BOS,12,-22,GSW,BOS
9:16,S. Curry makes 3-pt jump shot from 26 ft (assist by A. Wiggins),21.27,3rd Quarter,+3,60-44,NA,BOS,GSW,60,44,-16,2022-06-16,GSW,Boston Celtics,#008348,Golden State Warriors,#fdb927,Boston Celtics Vs. Golden State Warriors,<span style='color:#fdb927';>Golden State Warriors</span>,<span style='color:#008348';>Boston Celtics</span>,#fdb927,GSW,12,-22,GSW,BOS
8:47,Jump ball: A. Horford vs. O. Porter (R. Williams gains possession),20.78,3rd Quarter,Jump ball: A. Horford vs. O. Porter (R. Williams gains possession),Jump ball: A. Horford vs. O. Porter (R. Williams gains possession),Jump ball: A. Horford vs. O. Porter (R. Williams gains possession),BOS,GSW,60,44,-16,2022-06-16,GSW,Boston Celtics,#008348,Golden State Warriors,#fdb927,Boston Celtics Vs. Golden State Warriors,<span style='color:#fdb927';>Golden State Warriors</span>,<span style='color:#008348';>Boston Celtics</span>,#808080,TIE,12,-22,GSW,BOS
8:01,A. Horford makes 3-pt jump shot from 24 ft (assist by J. Tatum),20.02,3rd Quarter,NA,60-47,+3,BOS,GSW,60,47,-13,2022-06-16,GSW,Boston Celtics,#008348,Golden State Warriors,#fdb927,Boston Celtics Vs. Golden State Warriors,<span style='color:#fdb927';>Golden State Warriors</span>,<span style='color:#008348';>Boston Celtics</span>,#008348,BOS,12,-22,GSW,BOS
7:43,O. Porter makes 3-pt jump shot from 24 ft (assist by A. Wiggins),19.72,3rd Quarter,+3,63-47,NA,BOS,GSW,63,47,-16,2022-06-16,GSW,Boston Celtics,#008348,Golden State Warriors,#fdb927,Boston Celtics Vs. Golden State Warriors,<span style='color:#fdb927';>Golden State Warriors</span>,<span style='color:#008348';>Boston Celtics</span>,#fdb927,GSW,12,-22,GSW,BOS
7:14,S. Curry makes 3-pt jump shot from 25 ft (assist by D. Green),19.23,3rd Quarter,+3,66-47,NA,BOS,GSW,66,47,-19,2022-06-16,GSW,Boston Celtics,#008348,Golden State Warriors,#fdb927,Boston Celtics Vs. Golden State Warriors,<span style='color:#fdb927';>Golden State Warriors</span>,<span style='color:#008348';>Boston Celtics</span>,#fdb927,GSW,12,-22,GSW,BOS
6:53,A. Horford makes 3-pt jump shot from 28 ft (assist by J. Tatum),18.88,3rd Quarter,NA,66-50,+3,BOS,GSW,66,50,-16,2022-06-16,GSW,Boston Celtics,#008348,Golden State Warriors,#fdb927,Boston Celtics Vs. Golden State Warriors,<span style='color:#fdb927';>Golden State Warriors</span>,<span style='color:#008348';>Boston Celtics</span>,#008348,BOS,12,-22,GSW,BOS
6:34,O. Porter makes 3-pt jump shot from 25 ft (assist by S. Curry),18.57,3rd Quarter,+3,69-50,NA,BOS,GSW,69,50,-19,2022-06-16,GSW,Boston Celtics,#008348,Golden State Warriors,#fdb927,Boston Celtics Vs. Golden State Warriors,<span style='color:#fdb927';>Golden State Warriors</span>,<span style='color:#008348';>Boston Celtics</span>,#fdb927,GSW,12,-22,GSW,BOS
6:15,S. Curry makes 3-pt jump shot from 28 ft (assist by D. Green),18.25,3rd Quarter,+3,72-50,NA,BOS,GSW,72,50,-22,2022-06-16,GSW,Boston Celtics,#008348,Golden State Warriors,#fdb927,Boston Celtics Vs. Golden State Warriors,<span style='color:#fdb927';>Golden State Warriors</span>,<span style='color:#008348';>Boston Celtics</span>,#fdb927,GSW,12,-22,GSW,BOS
5:56,R. Williams makes 2-pt layup at rim,17.93,3rd Quarter,NA,72-52,+2,BOS,GSW,72,52,-20,2022-06-16,GSW,Boston Celtics,#008348,Golden State Warriors,#fdb927,Boston Celtics Vs. Golden State Warriors,<span style='color:#fdb927';>Golden State Warriors</span>,<span style='color:#008348';>Boston Celtics</span>,#008348,BOS,12,-22,GSW,BOS
4:54,M. Smart makes 3-pt jump shot from 27 ft (assist by J. Tatum),16.9,3rd Quarter,NA,72-55,+3,BOS,GSW,72,55,-17,2022-06-16,GSW,Boston Celtics,#008348,Golden State Warriors,#fdb927,Boston Celtics Vs. Golden State Warriors,<span style='color:#fdb927';>Golden State Warriors</span>,<span style='color:#008348';>Boston Celtics</span>,#008348,BOS,12,-22,GSW,BOS
4:01,J. Brown makes 2-pt jump shot from 10 ft,16.02,3rd Quarter,NA,72-57,+2,BOS,GSW,72,57,-15,2022-06-16,GSW,Boston Celtics,#008348,Golden State Warriors,#fdb927,Boston Celtics Vs. Golden State Warriors,<span style='color:#fdb927';>Golden State Warriors</span>,<span style='color:#008348';>Boston Celtics</span>,#008348,BOS,12,-22,GSW,BOS
3:41,A. Wiggins makes 2-pt layup at rim,15.68,3rd Quarter,+2,74-57,NA,BOS,GSW,74,57,-17,2022-06-16,GSW,Boston Celtics,#008348,Golden State Warriors,#fdb927,Boston Celtics Vs. Golden State Warriors,<span style='color:#fdb927';>Golden State Warriors</span>,<span style='color:#008348';>Boston Celtics</span>,#fdb927,GSW,12,-22,GSW,BOS
2:38,J. Brown makes 3-pt jump shot from 27 ft (assist by M. Smart),14.63,3rd Quarter,NA,74-60,+3,BOS,GSW,74,60,-14,2022-06-16,GSW,Boston Celtics,#008348,Golden State Warriors,#fdb927,Boston Celtics Vs. Golden State Warriors,<span style='color:#fdb927';>Golden State Warriors</span>,<span style='color:#008348';>Boston Celtics</span>,#008348,BOS,12,-22,GSW,BOS
2:10,J. Brown makes 2-pt jump shot from 3 ft,14.17,3rd Quarter,NA,74-62,+2,BOS,GSW,74,62,-12,2022-06-16,GSW,Boston Celtics,#008348,Golden State Warriors,#fdb927,Boston Celtics Vs. Golden State Warriors,<span style='color:#fdb927';>Golden State Warriors</span>,<span style='color:#008348';>Boston Celtics</span>,#008348,BOS,12,-22,GSW,BOS
0:44,A. Horford makes free throw 1 of 1,12.73,3rd Quarter,NA,74-65,+1,BOS,GSW,74,65,-9,2022-06-16,GSW,Boston Celtics,#008348,Golden State Warriors,#fdb927,Boston Celtics Vs. Golden State Warriors,<span style='color:#fdb927';>Golden State Warriors</span>,<span style='color:#008348';>Boston Celtics</span>,#008348,BOS,12,-22,GSW,BOS
0:44,A. Horford makes 2-pt layup from 3 ft (assist by J. Tatum),12.73,3rd Quarter,NA,74-64,+2,BOS,GSW,74,64,-10,2022-06-16,GSW,Boston Celtics,#008348,Golden State Warriors,#fdb927,Boston Celtics Vs. Golden State Warriors,<span style='color:#fdb927';>Golden State Warriors</span>,<span style='color:#008348';>Boston Celtics</span>,#008348,BOS,12,-22,GSW,BOS
0:24,D. Green makes 2-pt jump shot from 22 ft (assist by J. Poole),12.4,3rd Quarter,+2,76-65,NA,BOS,GSW,76,65,-11,2022-06-16,GSW,Boston Celtics,#008348,Golden State Warriors,#fdb927,Boston Celtics Vs. Golden State Warriors,<span style='color:#fdb927';>Golden State Warriors</span>,<span style='color:#008348';>Boston Celtics</span>,#fdb927,GSW,12,-22,GSW,BOS
0:05,J. Brown makes free throw 2 of 2,12.08,3rd Quarter,NA,76-66,+1,BOS,GSW,76,66,-10,2022-06-16,GSW,Boston Celtics,#008348,Golden State Warriors,#fdb927,Boston Celtics Vs. Golden State Warriors,<span style='color:#fdb927';>Golden State Warriors</span>,<span style='color:#008348';>Boston Celtics</span>,#008348,BOS,12,-22,GSW,BOS
12:00,Start of 4th quarter,12,4th Quarter,Start of 4th quarter,Start of 4th quarter,Start of 4th quarter,BOS,GSW,76,66,-10,2022-06-16,GSW,Boston Celtics,#008348,Golden State Warriors,#fdb927,Boston Celtics Vs. Golden State Warriors,<span style='color:#fdb927';>Golden State Warriors</span>,<span style='color:#008348';>Boston Celtics</span>,#808080,TIE,12,-22,GSW,BOS
0:00,End of 3rd quarter,12,3rd Quarter,End of 3rd quarter,End of 3rd quarter,End of 3rd quarter,BOS,GSW,76,66,-10,2022-06-16,GSW,Boston Celtics,#008348,Golden State Warriors,#fdb927,Boston Celtics Vs. Golden State Warriors,<span style='color:#fdb927';>Golden State Warriors</span>,<span style='color:#008348';>Boston Celtics</span>,#808080,TIE,12,-22,GSW,BOS
10:33,G. Payton makes 2-pt dunk from 1 ft (assist by A. Wiggins),10.55,4th Quarter,+2,78-66,NA,BOS,GSW,78,66,-12,2022-06-16,GSW,Boston Celtics,#008348,Golden State Warriors,#fdb927,Boston Celtics Vs. Golden State Warriors,<span style='color:#fdb927';>Golden State Warriors</span>,<span style='color:#008348';>Boston Celtics</span>,#fdb927,GSW,12,-22,GSW,BOS
10:11,M. Smart makes 2-pt layup from 4 ft (assist by J. Brown),10.18,4th Quarter,NA,78-68,+2,BOS,GSW,78,68,-10,2022-06-16,GSW,Boston Celtics,#008348,Golden State Warriors,#fdb927,Boston Celtics Vs. Golden State Warriors,<span style='color:#fdb927';>Golden State Warriors</span>,<span style='color:#008348';>Boston Celtics</span>,#008348,BOS,12,-22,GSW,BOS
9:45,J. Poole makes free throw 2 of 2,9.75,4th Quarter,+1,80-68,NA,BOS,GSW,80,68,-12,2022-06-16,GSW,Boston Celtics,#008348,Golden State Warriors,#fdb927,Boston Celtics Vs. Golden State Warriors,<span style='color:#fdb927';>Golden State Warriors</span>,<span style='color:#008348';>Boston Celtics</span>,#fdb927,GSW,12,-22,GSW,BOS
9:45,J. Poole makes free throw 1 of 2,9.75,4th Quarter,+1,79-68,NA,BOS,GSW,79,68,-11,2022-06-16,GSW,Boston Celtics,#008348,Golden State Warriors,#fdb927,Boston Celtics Vs. Golden State Warriors,<span style='color:#fdb927';>Golden State Warriors</span>,<span style='color:#008348';>Boston Celtics</span>,#fdb927,GSW,12,-22,GSW,BOS
9:02,J. Poole makes 2-pt layup from 1 ft,9.03,4th Quarter,+2,82-68,NA,BOS,GSW,82,68,-14,2022-06-16,GSW,Boston Celtics,#008348,Golden State Warriors,#fdb927,Boston Celtics Vs. Golden State Warriors,<span style='color:#fdb927';>Golden State Warriors</span>,<span style='color:#008348';>Boston Celtics</span>,#fdb927,GSW,12,-22,GSW,BOS
8:47,J. Tatum makes 2-pt dunk from 3 ft (assist by R. Williams),8.78,4th Quarter,NA,82-70,+2,BOS,GSW,82,70,-12,2022-06-16,GSW,Boston Celtics,#008348,Golden State Warriors,#fdb927,Boston Celtics Vs. Golden State Warriors,<span style='color:#fdb927';>Golden State Warriors</span>,<span style='color:#008348';>Boston Celtics</span>,#008348,BOS,12,-22,GSW,BOS
7:10,S. Curry makes 2-pt layup at rim,7.17,4th Quarter,+2,84-70,NA,BOS,GSW,84,70,-14,2022-06-16,GSW,Boston Celtics,#008348,Golden State Warriors,#fdb927,Boston Celtics Vs. Golden State Warriors,<span style='color:#fdb927';>Golden State Warriors</span>,<span style='color:#008348';>Boston Celtics</span>,#fdb927,GSW,12,-22,GSW,BOS
6:57,J. Brown makes 2-pt layup from 6 ft (assist by M. Smart),6.95,4th Quarter,NA,84-72,+2,BOS,GSW,84,72,-12,2022-06-16,GSW,Boston Celtics,#008348,Golden State Warriors,#fdb927,Boston Celtics Vs. Golden State Warriors,<span style='color:#fdb927';>Golden State Warriors</span>,<span style='color:#008348';>Boston Celtics</span>,#008348,BOS,12,-22,GSW,BOS
6:37,G. Williams makes free throw 1 of 1,6.62,4th Quarter,NA,84-75,+1,BOS,GSW,84,75,-9,2022-06-16,GSW,Boston Celtics,#008348,Golden State Warriors,#fdb927,Boston Celtics Vs. Golden State Warriors,<span style='color:#fdb927';>Golden State Warriors</span>,<span style='color:#008348';>Boston Celtics</span>,#008348,BOS,12,-22,GSW,BOS
6:37,G. Williams makes 2-pt jump shot from 4 ft (assist by A. Horford),6.62,4th Quarter,NA,84-74,+2,BOS,GSW,84,74,-10,2022-06-16,GSW,Boston Celtics,#008348,Golden State Warriors,#fdb927,Boston Celtics Vs. Golden State Warriors,<span style='color:#fdb927';>Golden State Warriors</span>,<span style='color:#008348';>Boston Celtics</span>,#008348,BOS,12,-22,GSW,BOS
6:16,S. Curry makes 2-pt layup from 4 ft,6.27,4th Quarter,+2,86-75,NA,BOS,GSW,86,75,-11,2022-06-16,GSW,Boston Celtics,#008348,Golden State Warriors,#fdb927,Boston Celtics Vs. Golden State Warriors,<span style='color:#fdb927';>Golden State Warriors</span>,<span style='color:#008348';>Boston Celtics</span>,#fdb927,GSW,12,-22,GSW,BOS
5:35,J. Brown makes 3-pt jump shot from 25 ft (assist by M. Smart),5.58,4th Quarter,NA,86-78,+3,BOS,GSW,86,78,-8,2022-06-16,GSW,Boston Celtics,#008348,Golden State Warriors,#fdb927,Boston Celtics Vs. Golden State Warriors,<span style='color:#fdb927';>Golden State Warriors</span>,<span style='color:#008348';>Boston Celtics</span>,#008348,BOS,12,-22,GSW,BOS
5:11,A. Wiggins makes 3-pt jump shot from 23 ft (assist by D. Green),5.18,4th Quarter,+3,89-78,NA,BOS,GSW,89,78,-11,2022-06-16,GSW,Boston Celtics,#008348,Golden State Warriors,#fdb927,Boston Celtics Vs. Golden State Warriors,<span style='color:#fdb927';>Golden State Warriors</span>,<span style='color:#008348';>Boston Celtics</span>,#fdb927,GSW,12,-22,GSW,BOS
4:43,D. Green makes 2-pt layup from 3 ft (assist by K. Thompson),4.72,4th Quarter,+2,91-78,NA,BOS,GSW,91,78,-13,2022-06-16,GSW,Boston Celtics,#008348,Golden State Warriors,#fdb927,Boston Celtics Vs. Golden State Warriors,<span style='color:#fdb927';>Golden State Warriors</span>,<span style='color:#008348';>Boston Celtics</span>,#fdb927,GSW,12,-22,GSW,BOS
4:19,A. Horford makes 3-pt jump shot from 23 ft (assist by G. Williams),4.32,4th Quarter,NA,91-81,+3,BOS,GSW,91,81,-10,2022-06-16,GSW,Boston Celtics,#008348,Golden State Warriors,#fdb927,Boston Celtics Vs. Golden State Warriors,<span style='color:#fdb927';>Golden State Warriors</span>,<span style='color:#008348';>Boston Celtics</span>,#008348,BOS,12,-22,GSW,BOS
3:55,S. Curry makes 2-pt layup from 5 ft,3.92,4th Quarter,+2,93-81,NA,BOS,GSW,93,81,-12,2022-06-16,GSW,Boston Celtics,#008348,Golden State Warriors,#fdb927,Boston Celtics Vs. Golden State Warriors,<span style='color:#fdb927';>Golden State Warriors</span>,<span style='color:#008348';>Boston Celtics</span>,#fdb927,GSW,12,-22,GSW,BOS
3:17,S. Curry makes 3-pt jump shot from 25 ft (assist by A. Wiggins),3.28,4th Quarter,+3,96-81,NA,BOS,GSW,96,81,-15,2022-06-16,GSW,Boston Celtics,#008348,Golden State Warriors,#fdb927,Boston Celtics Vs. Golden State Warriors,<span style='color:#fdb927';>Golden State Warriors</span>,<span style='color:#008348';>Boston Celtics</span>,#fdb927,GSW,12,-22,GSW,BOS
2:17,J. Brown makes 3-pt jump shot from 32 ft,2.28,4th Quarter,NA,96-84,+3,BOS,GSW,96,84,-12,2022-06-16,GSW,Boston Celtics,#008348,Golden State Warriors,#fdb927,Boston Celtics Vs. Golden State Warriors,<span style='color:#fdb927';>Golden State Warriors</span>,<span style='color:#008348';>Boston Celtics</span>,#008348,BOS,12,-22,GSW,BOS
1:43,A. Wiggins makes 3-pt jump shot from 24 ft (assist by S. Curry),1.72,4th Quarter,+3,99-84,NA,BOS,GSW,99,84,-15,2022-06-16,GSW,Boston Celtics,#008348,Golden State Warriors,#fdb927,Boston Celtics Vs. Golden State Warriors,<span style='color:#fdb927';>Golden State Warriors</span>,<span style='color:#008348';>Boston Celtics</span>,#fdb927,GSW,12,-22,GSW,BOS
1:33,M. Smart makes 2-pt layup from 10 ft,1.55,4th Quarter,NA,99-86,+2,BOS,GSW,99,86,-13,2022-06-16,GSW,Boston Celtics,#008348,Golden State Warriors,#fdb927,Boston Celtics Vs. Golden State Warriors,<span style='color:#fdb927';>Golden State Warriors</span>,<span style='color:#008348';>Boston Celtics</span>,#008348,BOS,12,-22,GSW,BOS
1:30,S. Curry makes free throw 1 of 2,1.5,4th Quarter,+1,100-86,NA,BOS,GSW,100,86,-14,2022-06-16,GSW,Boston Celtics,#008348,Golden State Warriors,#fdb927,Boston Celtics Vs. Golden State Warriors,<span style='color:#fdb927';>Golden State Warriors</span>,<span style='color:#008348';>Boston Celtics</span>,#fdb927,GSW,12,-22,GSW,BOS
1:30,S. Curry makes free throw 2 of 2,1.5,4th Quarter,+1,101-86,NA,BOS,GSW,101,86,-15,2022-06-16,GSW,Boston Celtics,#008348,Golden State Warriors,#fdb927,Boston Celtics Vs. Golden State Warriors,<span style='color:#fdb927';>Golden State Warriors</span>,<span style='color:#008348';>Boston Celtics</span>,#fdb927,GSW,12,-22,GSW,BOS
1:18,R. Williams makes 2-pt layup from 6 ft (assist by M. Smart),1.3,4th Quarter,NA,101-88,+2,BOS,GSW,101,88,-13,2022-06-16,GSW,Boston Celtics,#008348,Golden State Warriors,#fdb927,Boston Celtics Vs. Golden State Warriors,<span style='color:#fdb927';>Golden State Warriors</span>,<span style='color:#008348';>Boston Celtics</span>,#008348,BOS,12,-22,GSW,BOS
1:03,J. Brown makes free throw 1 of 2,1.05,4th Quarter,NA,101-89,+1,BOS,GSW,101,89,-12,2022-06-16,GSW,Boston Celtics,#008348,Golden State Warriors,#fdb927,Boston Celtics Vs. Golden State Warriors,<span style='color:#fdb927';>Golden State Warriors</span>,<span style='color:#008348';>Boston Celtics</span>,#008348,BOS,12,-22,GSW,BOS
1:03,J. Brown makes free throw 2 of 2,1.05,4th Quarter,NA,101-90,+1,BOS,GSW,101,90,-11,2022-06-16,GSW,Boston Celtics,#008348,Golden State Warriors,#fdb927,Boston Celtics Vs. Golden State Warriors,<span style='color:#fdb927';>Golden State Warriors</span>,<span style='color:#008348';>Boston Celtics</span>,#008348,BOS,12,-22,GSW,BOS
1:01,S. Curry makes free throw 2 of 2,1.02,4th Quarter,+1,103-90,NA,BOS,GSW,103,90,-13,2022-06-16,GSW,Boston Celtics,#008348,Golden State Warriors,#fdb927,Boston Celtics Vs. Golden State Warriors,<span style='color:#fdb927';>Golden State Warriors</span>,<span style='color:#008348';>Boston Celtics</span>,#fdb927,GSW,12,-22,GSW,BOS
1:01,S. Curry makes free throw 1 of 2,1.02,4th Quarter,+1,102-90,NA,BOS,GSW,102,90,-12,2022-06-16,GSW,Boston Celtics,#008348,Golden State Warriors,#fdb927,Boston Celtics Vs. Golden State Warriors,<span style='color:#fdb927';>Golden State Warriors</span>,<span style='color:#008348';>Boston Celtics</span>,#fdb927,GSW,12,-22,GSW,BOS
0:00,End of 4th quarter,0,4th Quarter,End of 4th quarter,End of 4th quarter,End of 4th quarter,BOS,GSW,103,90,-13,2022-06-16,GSW,Boston Celtics,#008348,Golden State Warriors,#fdb927,Boston Celtics Vs. Golden State Warriors,<span style='color:#fdb927';>Golden State Warriors</span>,<span style='color:#008348';>Boston Celtics</span>,#808080,TIE,12,-22,GSW,BOS
