index,home_team,away_team,proper_date,home_team_rank,home_days_rest,home_team_avg_pts_scored,home_team_avg_pts_scored_opp,home_team_win_pct,home_team_win_pct_last10,home_is_top_players,away_team_rank,away_days_rest,away_team_avg_pts_scored,away_team_avg_pts_scored_opp,away_team_win_pct,away_team_win_pct_last10,away_is_top_players,home_team_predicted_win_pct,away_team_predicted_win_pct
1,Detroit Pistons,Chicago Bulls,2022-03-09,28,1,103.5,112.5,0.277,0.6,2,10,1,112.4,111,0.6,0.5,2,0.219,0.781
11,Los Angeles Clippers,Washington Wizards,2022-03-09,15,0,106.8,107.6,0.507,0.7,1,19,2,108.1,110.7,0.46,0.5,1,0.54,0.46
7,Dallas Mavericks,New York Knicks,2022-03-09,8,1,107.1,103.7,0.615,0.8,1,22,1,105.8,107.3,0.415,0.3,2,0.692,0.308
4,New Orleans Pelicans,Orlando Magic,2022-03-09,21,0,107.8,109.5,0.415,0.5,1,30,0,103.7,111.8,0.242,0.3,2,0.614,0.386
5,Houston Rockets,Los Angeles Lakers,2022-03-09,29,1,108.6,117.9,0.246,0.1,1,20,1,110.6,112.8,0.438,0.2,0,0.482,0.518
2,Miami Heat,Phoenix Suns,2022-03-09,3,1,109.7,104.6,0.667,0.8,2,1,0,113.7,106.1,0.8,0.7,0,0.725,0.275
10,Sacramento Kings,Denver Nuggets,2022-03-09,25,1,110.2,115.3,0.358,0.3,2,9,1,111.3,108.3,0.6,0.9,2,0.269,0.731
8,San Antonio Spurs,Toronto Raptors,2022-03-09,24,1,112.8,112.9,0.385,0.5,2,14,2,108.3,107.3,0.531,0.3,2,0.369,0.631
9,Utah Jazz,Portland Trail Blazers,2022-03-09,5,1,113.6,107.6,0.625,0.7,2,23,1,107.2,113.2,0.391,0.4,0,0.903,0.097
0,Charlotte Hornets,Boston Celtics,2022-03-09,17,0,114.4,114.8,0.485,0.4,2,11,2,109.6,104.1,0.591,0.8,2,0.369,0.631
6,Minnesota Timberwolves,Oklahoma City Thunder,2022-03-09,13,1,114.4,111.8,0.561,0.8,1,27,0,102.3,109.8,0.308,0.3,1,0.805,0.195
3,Milwaukee Bucks,Atlanta Hawks,2022-03-09,7,0,114.5,110.4,0.621,0.6,2,18,1,112.5,111.8,0.484,0.5,2,0.68,0.32
1,Philadelphia 76ers,Brooklyn Nets,2022-03-10,7,2,108.5,106.1,0.625,0.8,2,16,1,111.1,112,0.5,0.4,2,0.696,0.304
0,Denver Nuggets,Golden State Warriors,2022-03-10,8,0,111.2,108.2,0.606,0.9,2,3,1,111.2,104.9,0.667,0.3,1,0.51,0.49
7,Orlando Magic,Minnesota Timberwolves,2022-03-11,30,1,103.8,111.6,0.254,0.4,2,13,1,114.7,111.6,0.567,0.8,1,0.341,0.659
6,New Orleans Pelicans,Charlotte Hornets,2022-03-11,22,1,107.7,109.4,0.409,0.5,0,17,1,114.2,114.9,0.478,0.3,2,0.321,0.679
2,Houston Rockets,Dallas Mavericks,2022-03-11,29,1,109,118.1,0.258,0.2,1,9,1,106.7,103.8,0.606,0.7,1,0.226,0.774
5,Miami Heat,Cleveland Cavaliers,2022-03-11,4,1,109.4,104.7,0.657,0.7,1,12,2,106.9,103.5,0.585,0.4,1,0.659,0.341
1,Boston Celtics,Detroit Pistons,2022-03-11,11,1,109.7,104,0.597,0.8,2,28,1,103.6,112.5,0.273,0.6,2,0.804,0.196
3,Los Angeles Lakers,Washington Wizards,2022-03-11,20,1,110.9,113.2,0.431,0.2,1,19,1,108.1,110.8,0.453,0.4,1,0.543,0.457
0,Atlanta Hawks,Los Angeles Clippers,2022-03-11,18,1,112.5,111.9,0.477,0.5,2,15,1,106.9,107.6,0.515,0.7,1,0.602,0.398
9,San Antonio Spurs,Utah Jazz,2022-03-11,24,1,112.7,113,0.379,0.4,2,5,1,113.7,107.3,0.631,0.7,2,0.269,0.731
8,Phoenix Suns,Toronto Raptors,2022-03-11,1,1,113.7,105.8,0.803,0.7,1,14,1,108.4,107.2,0.538,0.4,2,0.689,0.311
4,Memphis Grizzlies,New York Knicks,2022-03-11,2,2,114.2,109.3,0.672,0.6,1,21,1,105.8,106.8,0.424,0.3,2,0.781,0.219
6,Portland Trail Blazers,Washington Wizards,2022-03-12,24,2,106.9,113.4,0.385,0.4,0,19,0,108.1,110.9,0.446,0.4,1,0.452,0.548
2,Miami Heat,Minnesota Timberwolves,2022-03-12,4,0,109.5,104.7,0.662,0.8,2,13,0,114.6,111.7,0.559,0.7,2,0.675,0.325
5,Denver Nuggets,Toronto Raptors,2022-03-12,11,1,111,108.2,0.597,0.8,2,14,0,108.5,107.3,0.545,0.5,2,0.628,0.372
3,Golden State Warriors,Milwaukee Bucks,2022-03-12,3,1,111.2,104.9,0.672,0.3,1,5,2,114.6,110.5,0.627,0.7,2,0.461,0.539
0,Chicago Bulls,Cleveland Cavaliers,2022-03-12,9,2,112.5,111,0.606,0.5,2,12,0,106.9,103.7,0.576,0.3,1,0.738,0.262
1,San Antonio Spurs,Indiana Pacers,2022-03-12,23,0,112.6,112.9,0.388,0.4,2,26,3,110.3,112.8,0.328,0.3,1,0.612,0.388
4,Utah Jazz,Sacramento Kings,2022-03-12,6,0,113.6,107.2,0.621,0.6,2,25,2,110,115.2,0.353,0.2,2,0.769,0.231
5,Oklahoma City Thunder,Memphis Grizzlies,2022-03-13,27,3,102.3,110.2,0.303,0.3,1,3,1,114.3,109.3,0.676,0.6,1,0.232,0.768
3,Detroit Pistons,Los Angeles Clippers,2022-03-13,28,1,103.6,112.5,0.269,0.6,2,15,1,106.9,107.7,0.507,0.6,1,0.378,0.622
6,Orlando Magic,Philadelphia 76ers,2022-03-13,29,1,104,111.6,0.265,0.5,2,7,2,108.4,106.4,0.615,0.7,2,0.165,0.835
4,New Orleans Pelicans,Houston Rockets,2022-03-13,22,1,107.9,109.9,0.403,0.4,0,30,1,108.9,118,0.254,0.2,2,0.525,0.475
1,Boston Celtics,Dallas Mavericks,2022-03-13,10,1,109.7,104,0.603,0.8,2,8,1,106.8,103.7,0.612,0.8,1,0.634,0.366
2,Brooklyn Nets,New York Knicks,2022-03-13,16,2,111.4,111.8,0.507,0.4,1,21,1,105.9,107,0.418,0.3,2,0.588,0.412
0,Atlanta Hawks,Indiana Pacers,2022-03-13,17,1,112.5,111.8,0.485,0.6,1,26,0,110.4,112.7,0.338,0.4,1,0.753,0.247
7,Phoenix Suns,Los Angeles Lakers,2022-03-13,1,1,113.6,106,0.791,0.6,1,19,1,111.1,113.2,0.439,0.3,0,0.876,0.124
3,Oklahoma City Thunder,Charlotte Hornets,2022-03-14,27,0,102.6,110.4,0.299,0.2,1,18,2,114.6,114.9,0.485,0.4,2,0.23,0.77
0,Cleveland Cavaliers,Los Angeles Clippers,2022-03-14,12,1,106.7,103.7,0.567,0.3,1,16,0,106.9,107.6,0.514,0.7,1,0.677,0.323
2,Philadelphia 76ers,Denver Nuggets,2022-03-14,6,0,108.5,106.5,0.621,0.7,2,11,1,111.1,108.5,0.588,0.7,1,0.654,0.346
5,Sacramento Kings,Chicago Bulls,2022-03-14,25,1,110.2,115.5,0.348,0.2,2,9,1,112.3,110.7,0.612,0.5,1,0.354,0.646
8,Los Angeles Lakers,Toronto Raptors,2022-03-14,20,0,111.1,113.6,0.433,0.3,0,14,1,108.8,107.4,0.552,0.5,1,0.352,0.648
7,Golden State Warriors,Washington Wizards,2022-03-14,3,1,111.4,104.9,0.676,0.4,1,19,1,108.3,111.2,0.439,0.3,1,0.799,0.201
4,San Antonio Spurs,Minnesota Timberwolves,2022-03-14,24,1,112.5,112.9,0.382,0.4,2,13,1,114.6,111.6,0.565,0.8,2,0.388,0.612
1,Atlanta Hawks,Portland Trail Blazers,2022-03-14,17,0,112.8,112.1,0.493,0.6,1,23,1,107.2,113.4,0.394,0.4,0,0.724,0.276
6,Utah Jazz,Milwaukee Bucks,2022-03-14,5,1,113.9,107.5,0.627,0.6,1,7,1,114.5,110.7,0.618,0.7,2,0.511,0.489
3,Orlando Magic,Brooklyn Nets,2022-03-15,29,1,104.2,111.7,0.261,0.5,2,15,1,111.3,111.7,0.515,0.4,1,0.381,0.619
2,New Orleans Pelicans,Phoenix Suns,2022-03-15,21,1,108.2,109.9,0.412,0.5,0,1,1,114,106.1,0.794,0.6,1,0.205,0.795
1,Miami Heat,Detroit Pistons,2022-03-15,4,2,109.4,104.8,0.652,0.7,2,28,1,103.6,112.4,0.265,0.5,2,0.867,0.133
0,Indiana Pacers,Memphis Grizzlies,2022-03-15,26,1,110.7,113,0.333,0.4,1,3,1,114.4,109.5,0.681,0.6,1,0.228,0.772
3,Orlando Magic,Brooklyn Nets,2022-03-15,29,1,104.2,111.7,0.261,0.5,2,15,1,111.3,111.7,0.515,0.4,1,0.381,0.619
2,New Orleans Pelicans,Phoenix Suns,2022-03-15,21,1,108.2,109.9,0.412,0.5,0,1,1,114,106.1,0.794,0.6,1,0.205,0.795
1,Miami Heat,Detroit Pistons,2022-03-15,4,2,109.4,104.8,0.652,0.7,2,28,1,103.6,112.4,0.265,0.5,2,0.867,0.133
0,Indiana Pacers,Memphis Grizzlies,2022-03-15,26,1,110.7,113,0.333,0.4,1,3,1,114.4,109.5,0.681,0.6,1,0.228,0.772
7,New York Knicks,Portland Trail Blazers,2022-03-16,21,2,105.9,107,0.412,0.3,2,23,1,107.3,113.6,0.388,0.3,0,0.785,0.215
2,Cleveland Cavaliers,Philadelphia 76ers,2022-03-16,12,1,106.9,103.8,0.574,0.4,1,8,1,108.5,106.7,0.612,0.7,2,0.404,0.596
5,Los Angeles Clippers,Toronto Raptors,2022-03-16,16,1,107,107.8,0.507,0.6,1,14,1,108.9,107.3,0.559,0.6,2,0.421,0.579
11,Washington Wizards,Denver Nuggets,2022-03-16,19,1,108.3,111.4,0.433,0.3,1,10,1,111.1,108.5,0.594,0.7,2,0.301,0.699
4,Houston Rockets,Phoenix Suns,2022-03-16,30,2,108.9,118.2,0.25,0.2,2,1,0,114.3,106.2,0.797,0.6,1,0.227,0.773
8,Sacramento Kings,Milwaukee Bucks,2022-03-16,25,1,110.3,115.3,0.357,0.3,2,5,1,114.6,110.7,0.623,0.7,2,0.217,0.783
3,Golden State Warriors,Boston Celtics,2022-03-16,3,1,111.6,105,0.681,0.5,2,11,2,109.5,103.9,0.594,0.7,2,0.648,0.352
0,Brooklyn Nets,Dallas Mavericks,2022-03-16,15,0,111.9,111.7,0.522,0.5,2,6,2,106.6,103.5,0.618,0.8,2,0.309,0.691
9,San Antonio Spurs,Oklahoma City Thunder,2022-03-16,24,1,112.9,113.5,0.377,0.3,2,27,1,102.8,110.7,0.294,0.2,1,0.706,0.294
10,Utah Jazz,Chicago Bulls,2022-03-16,7,1,113.8,107.6,0.618,0.6,2,9,1,112.1,110.7,0.603,0.4,2,0.587,0.413
1,Charlotte Hornets,Atlanta Hawks,2022-03-16,18,1,114.9,114.9,0.493,0.5,2,17,1,112.9,112.1,0.5,0.6,1,0.634,0.366
6,Minnesota Timberwolves,Los Angeles Lakers,2022-03-16,13,1,115.1,112,0.571,0.8,1,20,1,111,113.6,0.426,0.2,1,0.694,0.306
0,Orlando Magic,Detroit Pistons,2022-03-17,29,1,104.2,112.2,0.257,0.5,2,28,1,103.5,112.3,0.261,0.4,1,0.589,0.411
5,New York Knicks,Washington Wizards,2022-03-18,21,1,106.3,106.9,0.42,0.4,2,19,1,108.4,111.6,0.426,0.2,1,0.617,0.383
2,Cleveland Cavaliers,Denver Nuggets,2022-03-18,14,1,107,104,0.565,0.4,1,9,1,111.4,108.5,0.6,0.7,2,0.399,0.601
6,Philadelphia 76ers,Dallas Mavericks,2022-03-18,8,1,108.7,106.8,0.618,0.7,2,7,1,106.7,103.7,0.623,0.8,2,0.497,0.503
10,Toronto Raptors,Los Angeles Lakers,2022-03-18,13,1,108.8,107.2,0.565,0.7,2,20,1,110.9,113.7,0.42,0.2,1,0.738,0.262
3,Houston Rockets,Indiana Pacers,2022-03-18,30,1,108.9,118.4,0.246,0.2,2,26,2,110.5,113.3,0.329,0.3,2,0.401,0.599
4,Miami Heat,Oklahoma City Thunder,2022-03-18,4,2,109.4,104.7,0.657,0.7,1,27,1,103,110.9,0.29,0.2,1,0.875,0.125
8,Sacramento Kings,Boston Celtics,2022-03-18,25,1,110.5,115.6,0.352,0.3,2,10,1,109.5,103.7,0.6,0.8,2,0.291,0.709
1,Brooklyn Nets,Portland Trail Blazers,2022-03-18,15,1,111.9,111.7,0.514,0.5,1,24,1,107.1,113.8,0.382,0.2,0,0.781,0.219
0,Atlanta Hawks,Memphis Grizzlies,2022-03-18,18,1,112.8,112.2,0.493,0.6,0,2,2,114.7,109.4,0.686,0.7,1,0.229,0.771
9,San Antonio Spurs,New Orleans Pelicans,2022-03-18,23,1,113,113.6,0.386,0.3,2,22,2,108.3,110.2,0.406,0.5,1,0.615,0.385
11,Utah Jazz,Los Angeles Clippers,2022-03-18,6,1,114,107.7,0.623,0.6,1,17,1,106.9,107.7,0.5,0.5,1,0.751,0.249
7,Phoenix Suns,Chicago Bulls,2022-03-18,1,1,114.5,106.3,0.8,0.7,1,11,1,112.1,110.9,0.594,0.3,2,0.643,0.357
3,Cleveland Cavaliers,Detroit Pistons,2022-03-19,13,0,107.1,104.2,0.571,0.4,1,28,1,103.9,112.4,0.271,0.5,0,0.831,0.169
2,Washington Wizards,Los Angeles Lakers,2022-03-19,21,0,108.2,111.4,0.42,0.2,1,19,0,111.1,113.8,0.429,0.3,1,0.518,0.482
1,Charlotte Hornets,Dallas Mavericks,2022-03-19,16,2,114.9,114.8,0.5,0.6,2,8,0,106.6,103.8,0.614,0.8,2,0.477,0.523
0,Minnesota Timberwolves,Milwaukee Bucks,2022-03-19,12,2,115.2,111.9,0.577,0.9,2,5,2,114.9,110.9,0.629,0.8,2,0.431,0.569
3,Orlando Magic,Oklahoma City Thunder,2022-03-20,29,2,104.4,112.5,0.254,0.4,2,27,1,103.1,111,0.286,0.1,0,0.707,0.293
5,New York Knicks,Utah Jazz,2022-03-20,19,1,106.2,106.8,0.429,0.5,2,5,1,114.1,107.4,0.629,0.6,2,0.316,0.684
7,Philadelphia 76ers,Toronto Raptors,2022-03-20,6,1,108.7,106.7,0.623,0.7,1,14,1,109,107.5,0.557,0.6,2,0.573,0.427
1,Houston Rockets,Memphis Grizzlies,2022-03-20,30,1,109,118.4,0.243,0.2,2,2,1,114.6,109.5,0.676,0.7,1,0.182,0.818
2,Sacramento Kings,Phoenix Suns,2022-03-20,25,1,110.3,115.7,0.347,0.3,1,1,1,114.7,106.2,0.803,0.8,1,0.196,0.804
0,Indiana Pacers,Portland Trail Blazers,2022-03-20,26,1,110.7,113.4,0.338,0.4,2,24,1,107.3,114,0.377,0.1,0,0.71,0.29
8,Golden State Warriors,San Antonio Spurs,2022-03-20,3,3,111.2,105.1,0.671,0.4,1,23,1,112.7,113.7,0.38,0.3,2,0.828,0.172
6,Denver Nuggets,Boston Celtics,2022-03-20,10,1,111.4,108.7,0.592,0.6,2,8,1,109.7,103.6,0.606,0.8,2,0.509,0.491
4,Atlanta Hawks,New Orleans Pelicans,2022-03-20,17,1,112.9,112.1,0.5,0.6,0,22,1,108.5,109.9,0.414,0.5,1,0.598,0.402
6,Oklahoma City Thunder,Boston Celtics,2022-03-21,27,0,102.8,110.7,0.282,0.1,0,8,0,109.9,103.6,0.611,0.8,2,0.136,0.864
0,Detroit Pistons,Portland Trail Blazers,2022-03-21,28,1,104,112.4,0.268,0.4,1,24,0,107.2,114.2,0.371,0.1,0,0.599,0.401
8,Dallas Mavericks,Minnesota Timberwolves,2022-03-21,9,1,106.6,104.1,0.606,0.7,2,11,1,115.5,112,0.583,0.9,1,0.662,0.338
1,Cleveland Cavaliers,Los Angeles Lakers,2022-03-21,13,1,107.2,104.2,0.577,0.5,1,22,1,111.2,114,0.423,0.3,0,0.798,0.202
2,Philadelphia 76ers,Miami Heat,2022-03-21,7,0,108.4,106.5,0.614,0.6,2,3,2,109.5,104.8,0.662,0.7,1,0.468,0.532
5,Houston Rockets,Washington Wizards,2022-03-21,30,0,108.9,118.5,0.239,0.2,2,19,1,108.5,111.6,0.429,0.3,0,0.479,0.521
7,Chicago Bulls,Toronto Raptors,2022-03-21,10,2,112,111.2,0.586,0.2,2,14,0,108.8,107.3,0.563,0.6,1,0.747,0.253
4,Brooklyn Nets,Utah Jazz,2022-03-21,15,2,112.1,111.8,0.521,0.5,1,5,0,114,107.2,0.634,0.6,2,0.376,0.624
3,Charlotte Hornets,New Orleans Pelicans,2022-03-21,16,1,115.1,114.7,0.507,0.6,2,20,0,108.6,109.9,0.423,0.5,1,0.735,0.265
0,Orlando Magic,Golden State Warriors,2022-03-22,28,1,104.2,112.1,0.264,0.4,2,3,1,111.2,105.2,0.662,0.4,1,0.221,0.779
1,New York Knicks,Atlanta Hawks,2022-03-22,21,1,106,106.8,0.423,0.5,2,17,1,112.9,112.1,0.493,0.6,1,0.588,0.412
3,Denver Nuggets,Los Angeles Clippers,2022-03-22,11,1,111.3,108.9,0.583,0.6,2,18,3,106.7,107.9,0.493,0.4,1,0.678,0.322
2,Milwaukee Bucks,Chicago Bulls,2022-03-22,7,2,114.9,111.3,0.62,0.8,0,10,0,112,111,0.592,0.3,2,0.51,0.49
7,Oklahoma City Thunder,Orlando Magic,2022-03-23,27,1,103.1,111,0.278,0,1,28,0,104.1,111.8,0.274,0.5,2,0.479,0.521
0,Detroit Pistons,Atlanta Hawks,2022-03-23,29,1,104.2,112.5,0.264,0.4,1,17,0,113,112.1,0.5,0.6,1,0.378,0.622
8,Dallas Mavericks,Houston Rockets,2022-03-23,9,1,106.7,104.2,0.611,0.7,2,30,1,109,118.2,0.25,0.3,2,0.819,0.181
9,Portland Trail Blazers,San Antonio Spurs,2022-03-23,24,1,107.4,114.2,0.38,0.2,0,23,2,112.7,113.6,0.389,0.4,2,0.315,0.685
4,Miami Heat,Golden State Warriors,2022-03-23,4,1,109.5,104.9,0.653,0.6,2,3,0,110.9,105,0.653,0.4,1,0.649,0.351
5,Boston Celtics,Utah Jazz,2022-03-23,8,1,110.2,103.8,0.616,0.9,2,6,1,113.9,107.3,0.625,0.6,2,0.535,0.465
1,Indiana Pacers,Sacramento Kings,2022-03-23,25,2,110.9,113.2,0.347,0.4,2,26,2,110.5,115.9,0.342,0.2,1,0.67,0.33
10,Los Angeles Lakers,Philadelphia 76ers,2022-03-23,19,1,111.5,114.1,0.431,0.4,0,7,1,108.5,106.5,0.62,0.6,1,0.287,0.713
3,Memphis Grizzlies,Brooklyn Nets,2022-03-23,2,2,114.7,109.3,0.681,0.7,1,15,1,112.1,111.8,0.528,0.6,2,0.702,0.298
2,Charlotte Hornets,New York Knicks,2022-03-23,16,1,115,114.6,0.514,0.7,2,21,0,106.1,106.9,0.417,0.5,1,0.75,0.25
6,Minnesota Timberwolves,Phoenix Suns,2022-03-23,12,1,115.4,112,0.575,0.8,2,1,2,114.9,106.5,0.806,0.8,1,0.437,0.563
2,New Orleans Pelicans,Chicago Bulls,2022-03-24,22,2,108.5,109.9,0.417,0.4,1,11,1,111.8,111.2,0.583,0.3,0,0.534,0.466
0,Toronto Raptors,Cleveland Cavaliers,2022-03-24,14,2,108.7,107.3,0.556,0.6,2,12,2,107.4,104.6,0.569,0.5,1,0.615,0.385
4,Denver Nuggets,Phoenix Suns,2022-03-24,10,1,111.5,109,0.589,0.6,2,1,0,115,106.6,0.808,0.8,1,0.526,0.474
1,Memphis Grizzlies,Indiana Pacers,2022-03-24,2,0,114.9,109.5,0.685,0.7,1,26,0,110.9,113.1,0.342,0.4,1,0.869,0.131
3,Milwaukee Bucks,Washington Wizards,2022-03-24,5,1,115.1,111.1,0.625,0.8,1,21,2,108.3,111.6,0.423,0.2,0,0.831,0.169
0,Detroit Pistons,Washington Wizards,2022-03-25,28,1,104.4,112.4,0.274,0.4,2,22,0,108.2,111.6,0.417,0.2,0,0.646,0.354
6,Los Angeles Clippers,Philadelphia 76ers,2022-03-25,18,2,106.8,108.1,0.486,0.3,1,6,1,108.7,106.7,0.625,0.6,2,0.298,0.702
5,Portland Trail Blazers,Houston Rockets,2022-03-25,24,1,107.2,114.5,0.375,0.2,0,30,1,108.7,118.1,0.247,0.3,2,0.444,0.556
3,Miami Heat,New York Knicks,2022-03-25,4,1,109.4,105.1,0.644,0.6,1,20,1,106.3,106.9,0.425,0.6,1,0.792,0.208
2,Atlanta Hawks,Golden State Warriors,2022-03-25,17,1,112.8,112.2,0.493,0.5,1,3,1,111,105,0.658,0.5,1,0.347,0.653
1,Charlotte Hornets,Utah Jazz,2022-03-25,16,1,114.8,114.6,0.507,0.7,2,8,1,113.7,107.6,0.616,0.5,2,0.409,0.591
4,Minnesota Timberwolves,Dallas Mavericks,2022-03-25,12,1,115.4,112.1,0.568,0.7,1,9,1,106.7,104,0.616,0.7,2,0.429,0.571
1,Orlando Magic,Sacramento Kings,2022-03-26,28,2,104.1,111.9,0.27,0.4,2,25,2,110.5,115.8,0.351,0.3,1,0.56,0.44
7,Portland Trail Blazers,Houston Rockets,2022-03-26,24,0,107.2,114.6,0.37,0.2,0,30,0,108.9,117.9,0.257,0.3,2,0.442,0.558
4,Cleveland Cavaliers,Chicago Bulls,2022-03-26,13,1,107.4,104.8,0.562,0.5,1,11,1,111.8,111.4,0.575,0.3,1,0.541,0.459
0,New Orleans Pelicans,San Antonio Spurs,2022-03-26,21,1,108.8,109.8,0.425,0.4,1,23,2,112.9,113.4,0.397,0.5,2,0.478,0.522
2,Toronto Raptors,Indiana Pacers,2022-03-26,14,1,108.8,107.3,0.562,0.7,2,26,1,110.8,113.4,0.338,0.3,2,0.732,0.268
5,Miami Heat,Brooklyn Nets,2022-03-26,4,0,109.3,105.1,0.635,0.5,1,15,2,112.2,112,0.521,0.6,2,0.557,0.443
6,Denver Nuggets,Oklahoma City Thunder,2022-03-26,10,1,111.8,109.4,0.581,0.5,2,27,2,103.3,110.9,0.288,0.1,0,0.877,0.123
3,Memphis Grizzlies,Milwaukee Bucks,2022-03-26,2,1,115.1,109.4,0.689,0.8,1,5,1,115.1,111,0.63,0.8,0,0.703,0.297
0,Detroit Pistons,New York Knicks,2022-03-27,28,1,104.3,112.2,0.27,0.3,1,19,1,106.3,106.9,0.432,0.6,1,0.391,0.609
6,Dallas Mavericks,Utah Jazz,2022-03-27,8,1,106.6,104.1,0.608,0.6,2,9,1,113.5,107.6,0.608,0.5,2,0.546,0.454
1,Washington Wizards,Golden State Warriors,2022-03-27,21,1,108.1,111.4,0.425,0.2,0,3,1,111,105.2,0.649,0.5,1,0.215,0.785
4,New Orleans Pelicans,Los Angeles Lakers,2022-03-27,22,0,108.7,109.8,0.419,0.4,1,20,3,111.6,114.3,0.425,0.3,0,0.538,0.462
3,Boston Celtics,Minnesota Timberwolves,2022-03-27,7,3,110.4,103.8,0.622,0.9,0,12,1,115.4,111.9,0.573,0.7,2,0.584,0.416
5,Brooklyn Nets,Charlotte Hornets,2022-03-27,15,0,112.2,111.8,0.527,0.7,2,16,1,114.7,114.5,0.514,0.7,2,0.511,0.489
2,Phoenix Suns,Philadelphia 76ers,2022-03-27,1,2,115.3,106.9,0.811,0.9,2,4,1,108.9,106.5,0.63,0.7,2,0.634,0.366
5,New York Knicks,Chicago Bulls,2022-03-28,19,0,106.3,106.8,0.44,0.6,2,11,1,111.6,111.2,0.581,0.4,2,0.364,0.636
8,Portland Trail Blazers,Oklahoma City Thunder,2022-03-28,24,1,107.1,114.6,0.365,0.2,0,27,1,103.4,110.9,0.284,0.1,0,0.603,0.397
0,Cleveland Cavaliers,Orlando Magic,2022-03-28,14,1,107.2,104.7,0.554,0.4,1,30,1,104.1,111.9,0.267,0.4,2,0.731,0.269
6,Houston Rockets,San Antonio Spurs,2022-03-28,29,1,109,117.6,0.267,0.4,2,23,1,112.9,113.2,0.405,0.6,2,0.411,0.589
3,Toronto Raptors,Boston Celtics,2022-03-28,12,1,109.1,107.1,0.568,0.8,2,5,0,110.7,103.9,0.627,0.9,2,0.46,0.54
4,Miami Heat,Sacramento Kings,2022-03-28,4,1,109.1,105.2,0.627,0.4,2,25,1,110.5,115.7,0.36,0.3,1,0.872,0.128
1,Indiana Pacers,Atlanta Hawks,2022-03-28,26,1,110.5,113.6,0.333,0.3,1,17,2,112.9,112.2,0.5,0.6,1,0.396,0.604
2,Charlotte Hornets,Denver Nuggets,2022-03-28,15,0,114.8,114.4,0.52,0.7,2,10,1,111.8,109.4,0.587,0.5,2,0.41,0.59
7,Memphis Grizzlies,Golden State Warriors,2022-03-28,2,1,115.3,109.3,0.693,0.8,1,3,0,111,105.4,0.64,0.5,1,0.618,0.382
2,Dallas Mavericks,Los Angeles Lakers,2022-03-29,8,1,106.7,104.1,0.613,0.6,2,22,1,111.6,114.3,0.419,0.3,0,0.869,0.131
4,Los Angeles Clippers,Utah Jazz,2022-03-29,18,3,106.7,108.3,0.48,0.2,1,9,1,113.3,107.6,0.6,0.4,1,0.493,0.507
1,Washington Wizards,Chicago Bulls,2022-03-29,20,1,108.3,111.5,0.432,0.3,0,11,0,111.5,111.1,0.573,0.4,2,0.271,0.729
0,Philadelphia 76ers,Milwaukee Bucks,2022-03-29,6,1,108.8,106.6,0.622,0.6,2,5,2,114.9,111.2,0.622,0.7,1,0.555,0.445
3,Brooklyn Nets,Detroit Pistons,2022-03-29,15,1,112.2,111.9,0.52,0.7,2,28,1,104.3,112.1,0.267,0.2,1,0.806,0.194
6,Oklahoma City Thunder,Atlanta Hawks,2022-03-30,27,1,103.8,111.2,0.293,0.2,0,17,1,113.2,112.4,0.507,0.7,1,0.309,0.691
5,New York Knicks,Charlotte Hornets,2022-03-30,19,1,106.3,106.8,0.447,0.6,2,16,1,114.7,114.4,0.513,0.7,2,0.491,0.509
0,Cleveland Cavaliers,Dallas Mavericks,2022-03-30,14,1,107.2,104.6,0.56,0.4,1,6,0,106.9,104.2,0.618,0.7,2,0.379,0.621
10,Portland Trail Blazers,New Orleans Pelicans,2022-03-30,24,1,107.4,114.9,0.36,0.2,0,21,2,108.8,109.8,0.427,0.5,2,0.279,0.721
2,Washington Wizards,Orlando Magic,2022-03-30,20,0,108.1,111.4,0.427,0.3,0,29,1,104.1,111.9,0.263,0.4,2,0.483,0.517
3,Toronto Raptors,Minnesota Timberwolves,2022-03-30,12,1,109.1,107.1,0.573,0.8,2,13,2,115.4,112.2,0.566,0.6,2,0.519,0.481
7,Houston Rockets,Sacramento Kings,2022-03-30,30,1,109.2,117.7,0.263,0.3,1,25,1,110.4,115.8,0.355,0.3,1,0.455,0.545
1,Indiana Pacers,Denver Nuggets,2022-03-30,26,1,110.7,113.9,0.329,0.3,1,9,1,111.8,109.4,0.592,0.5,2,0.22,0.78
4,Boston Celtics,Miami Heat,2022-03-30,7,1,110.8,104,0.618,0.8,0,4,1,109.3,105.1,0.632,0.4,2,0.368,0.632
9,Golden State Warriors,Phoenix Suns,2022-03-30,3,1,110.8,105.7,0.632,0.4,1,1,2,115.3,106.9,0.813,0.9,2,0.387,0.613
8,San Antonio Spurs,Memphis Grizzlies,2022-03-30,23,1,113,113.3,0.413,0.6,2,2,1,115.4,109.1,0.697,0.9,1,0.32,0.68
0,Detroit Pistons,Philadelphia 76ers,2022-03-31,28,1,104.5,112.3,0.263,0.2,1,7,1,108.9,106.8,0.613,0.6,2,0.152,0.848
3,Chicago Bulls,Los Angeles Clippers,2022-03-31,11,1,111.4,110.9,0.579,0.4,1,18,1,106.8,108.4,0.487,0.3,2,0.563,0.437
1,Brooklyn Nets,Milwaukee Bucks,2022-03-31,15,1,112.4,112.1,0.526,0.7,2,4,1,114.9,111.3,0.627,0.7,1,0.445,0.555
4,Utah Jazz,Los Angeles Lakers,2022-03-31,10,1,113.3,107.8,0.592,0.4,2,22,1,111.5,114.5,0.413,0.3,0,0.873,0.127
2,Atlanta Hawks,Cleveland Cavaliers,2022-03-31,17,0,113.5,112.4,0.513,0.7,1,14,0,107.2,104.8,0.553,0.4,1,0.537,0.463
4,Oklahoma City Thunder,Detroit Pistons,2022-04-01,27,1,103.9,111.5,0.289,0.2,0,28,0,104.5,112.1,0.273,0.3,1,0.516,0.484
0,Orlando Magic,Toronto Raptors,2022-04-01,30,1,104.2,112.1,0.26,0.3,2,12,1,109.4,107.1,0.579,0.8,2,0.239,0.761
1,Washington Wizards,Dallas Mavericks,2022-04-01,20,1,108.4,111.4,0.434,0.4,0,5,1,107.1,104.3,0.623,0.7,2,0.176,0.824
6,Houston Rockets,Sacramento Kings,2022-04-01,29,1,109.3,117.7,0.26,0.3,1,24,1,110.5,115.8,0.364,0.4,1,0.45,0.55
2,Boston Celtics,Indiana Pacers,2022-04-01,7,1,110.6,104,0.61,0.7,2,26,1,110.8,114,0.325,0.3,1,0.879,0.121
9,Los Angeles Lakers,New Orleans Pelicans,2022-04-01,22,0,111.5,114.6,0.408,0.2,0,21,1,108.9,109.8,0.434,0.6,2,0.339,0.661
8,Denver Nuggets,Minnesota Timberwolves,2022-04-01,9,1,112,109.5,0.597,0.6,2,13,1,115.2,112.4,0.558,0.5,2,0.598,0.402
7,San Antonio Spurs,Portland Trail Blazers,2022-04-01,23,1,113,113.3,0.408,0.6,2,25,1,107.4,114.9,0.355,0.1,0,0.771,0.229
3,Milwaukee Bucks,Los Angeles Clippers,2022-04-01,4,0,115,111.4,0.632,0.7,2,18,0,107.1,108.8,0.481,0.3,2,0.733,0.267
5,Memphis Grizzlies,Phoenix Suns,2022-04-01,2,1,115.4,109.1,0.701,0.9,1,1,1,115.2,106.8,0.816,0.9,2,0.449,0.551
0,New York Knicks,Cleveland Cavaliers,2022-04-02,19,2,106.4,107,0.442,0.6,1,14,1,107.2,105.2,0.545,0.4,1,0.533,0.467
4,Philadelphia 76ers,Charlotte Hornets,2022-04-02,8,1,108.7,106.7,0.605,0.5,2,15,2,114.8,114.4,0.519,0.8,2,0.596,0.404
3,Golden State Warriors,Utah Jazz,2022-04-02,5,2,110.7,105.7,0.623,0.3,1,9,1,113.4,107.8,0.597,0.4,2,0.578,0.422
2,Chicago Bulls,Miami Heat,2022-04-02,11,1,111.7,111.2,0.584,0.4,1,3,2,109.3,105,0.636,0.5,2,0.282,0.718
1,Atlanta Hawks,Brooklyn Nets,2022-04-02,17,1,113.7,112.4,0.519,0.7,0,16,1,112.5,112.2,0.519,0.6,2,0.394,0.606
9,Oklahoma City Thunder,Phoenix Suns,2022-04-03,27,1,103.9,111.5,0.286,0.2,0,1,1,115.2,107,0.805,0.9,1,0.129,0.871
5,Orlando Magic,New York Knicks,2022-04-03,29,1,104,111.9,0.256,0.2,0,21,0,106.4,107.1,0.436,0.6,1,0.381,0.619
4,Cleveland Cavaliers,Philadelphia 76ers,2022-04-03,14,0,107.4,105.1,0.551,0.4,1,8,0,109.2,106.8,0.61,0.6,2,0.372,0.628
11,Los Angeles Clippers,New Orleans Pelicans,2022-04-03,18,1,107.7,108.9,0.487,0.3,2,19,1,109,109.8,0.442,0.7,2,0.55,0.45
7,Toronto Raptors,Miami Heat,2022-04-03,11,1,109.3,106.8,0.584,0.8,2,3,0,109.5,105.1,0.641,0.5,2,0.435,0.565
8,Houston Rockets,Minnesota Timberwolves,2022-04-03,30,1,109.4,117.8,0.256,0.3,1,13,1,115.5,112.6,0.564,0.6,2,0.199,0.801
10,Sacramento Kings,Golden State Warriors,2022-04-03,24,1,110.7,115.8,0.372,0.5,1,4,0,110.7,105.7,0.628,0.3,1,0.267,0.733
1,Boston Celtics,Washington Wizards,2022-04-03,6,1,110.8,104.3,0.615,0.7,1,20,1,108.7,111.3,0.442,0.5,0,0.849,0.151
3,Indiana Pacers,Detroit Pistons,2022-04-03,26,1,111,114.2,0.321,0.2,1,28,1,104.6,111.9,0.282,0.4,0,0.706,0.294
2,Los Angeles Lakers,Denver Nuggets,2022-04-03,23,1,111.5,114.6,0.403,0.2,0,10,1,112.2,109.8,0.59,0.6,2,0.209,0.791
6,San Antonio Spurs,Portland Trail Blazers,2022-04-03,22,1,113.2,113.3,0.416,0.6,1,25,1,107.4,115.1,0.351,0.1,0,0.726,0.274
0,Milwaukee Bucks,Dallas Mavericks,2022-04-03,5,1,115,111.9,0.623,0.6,1,7,1,107.1,104.7,0.615,0.6,2,0.474,0.526
0,Orlando Magic,Cleveland Cavaliers,2022-04-05,30,1,103.8,112,0.253,0.2,0,14,1,107.4,105.2,0.544,0.4,1,0.235,0.765
5,Oklahoma City Thunder,Portland Trail Blazers,2022-04-05,27,1,104.1,111.3,0.295,0.3,0,25,1,107.2,115.1,0.346,0.1,0,0.531,0.469
3,Toronto Raptors,Atlanta Hawks,2022-04-05,12,1,109.3,106.9,0.577,0.7,2,15,2,113.8,112.4,0.526,0.7,1,0.656,0.344
2,Miami Heat,Charlotte Hornets,2022-04-05,3,1,109.5,105.1,0.646,0.6,1,17,2,114.8,114.8,0.513,0.7,2,0.643,0.357
10,Sacramento Kings,New Orleans Pelicans,2022-04-05,24,1,110.4,115.7,0.367,0.5,1,20,1,108.9,109.9,0.436,0.6,2,0.381,0.619
1,Indiana Pacers,Philadelphia 76ers,2022-04-05,26,1,111,114.3,0.316,0.2,1,8,1,109.2,106.8,0.615,0.6,2,0.208,0.792
6,Chicago Bulls,Milwaukee Bucks,2022-04-05,11,2,111.7,111.4,0.577,0.4,1,7,1,115,112,0.615,0.6,2,0.411,0.589
9,Denver Nuggets,San Antonio Spurs,2022-04-05,9,1,112.4,109.9,0.595,0.6,2,22,1,113.2,113,0.423,0.7,0,0.867,0.133
4,Brooklyn Nets,Houston Rockets,2022-04-05,16,2,112.5,112.3,0.513,0.5,2,29,1,109.7,118.1,0.253,0.3,1,0.831,0.169
8,Utah Jazz,Memphis Grizzlies,2022-04-05,10,2,113.4,107.9,0.59,0.4,2,2,3,115.4,109.2,0.705,0.9,1,0.498,0.502
11,Phoenix Suns,Los Angeles Lakers,2022-04-05,1,1,114.9,107.1,0.795,0.8,2,23,1,111.6,114.8,0.397,0.2,1,0.892,0.108
7,Minnesota Timberwolves,Washington Wizards,2022-04-05,13,1,115.8,112.8,0.57,0.6,2,21,1,108.6,111.7,0.436,0.5,0,0.832,0.168
0,Detroit Pistons,Dallas Mavericks,2022-04-06,28,2,104.8,112,0.291,0.5,0,5,2,107.2,104.8,0.62,0.6,2,0.108,0.892
1,New York Knicks,Brooklyn Nets,2022-04-06,21,2,106.5,106.9,0.443,0.6,1,15,0,112.6,112.2,0.519,0.5,2,0.455,0.545
5,Los Angeles Clippers,Phoenix Suns,2022-04-06,18,2,107.9,108.8,0.494,0.4,2,1,0,115,107.2,0.797,0.8,2,0.33,0.67
3,Chicago Bulls,Boston Celtics,2022-04-06,12,0,111.6,111.6,0.57,0.4,1,8,2,111.2,104.3,0.62,0.8,2,0.316,0.684
4,Utah Jazz,Oklahoma City Thunder,2022-04-06,9,0,113.5,108,0.595,0.4,2,27,0,104,111.1,0.304,0.4,0,0.909,0.091
2,Atlanta Hawks,Washington Wizards,2022-04-06,16,0,113.7,112.5,0.519,0.7,1,20,0,108.9,111.7,0.443,0.6,0,0.732,0.268
3,New Orleans Pelicans,Portland Trail Blazers,2022-04-07,19,1,109,109.9,0.443,0.7,2,25,1,107.1,114.8,0.342,0.1,0,0.798,0.202
2,Toronto Raptors,Philadelphia 76ers,2022-04-07,11,1,109.4,106.9,0.582,0.7,2,8,1,109.5,107,0.62,0.6,2,0.483,0.517
6,Golden State Warriors,Los Angeles Lakers,2022-04-07,4,3,110.7,105.5,0.633,0.3,1,23,1,111.6,114.8,0.392,0.2,0,0.909,0.091
5,Denver Nuggets,Memphis Grizzlies,2022-04-07,10,1,112.3,110,0.588,0.5,2,2,1,115.4,109.4,0.696,0.8,0,0.602,0.398
0,Charlotte Hornets,Orlando Magic,2022-04-07,17,1,114.8,115.1,0.506,0.6,2,29,1,104,112.1,0.263,0.3,0,0.858,0.142
1,Milwaukee Bucks,Boston Celtics,2022-04-07,7,1,115.2,111.9,0.62,0.6,1,5,0,111.3,104.1,0.625,0.8,2,0.466,0.534
4,Minnesota Timberwolves,San Antonio Spurs,2022-04-07,13,1,115.8,113.1,0.563,0.5,2,22,1,113.2,112.8,0.43,0.8,1,0.782,0.218
0,Detroit Pistons,Milwaukee Bucks,2022-04-08,28,1,104.9,112.3,0.288,0.4,1,6,0,115.3,112,0.625,0.6,2,0.166,0.834
6,Dallas Mavericks,Portland Trail Blazers,2022-04-08,5,1,107.5,104.9,0.625,0.7,2,25,0,106.9,115,0.338,0.1,0,0.913,0.087
1,Washington Wizards,New York Knicks,2022-04-08,21,1,108.8,111.8,0.438,0.5,0,20,1,106.4,106.9,0.438,0.5,1,0.474,0.526
3,Toronto Raptors,Houston Rockets,2022-04-08,11,0,109.5,107,0.588,0.8,2,30,2,109.6,118.1,0.25,0.3,1,0.822,0.178
5,Miami Heat,Atlanta Hawks,2022-04-08,3,2,110,105.3,0.65,0.6,2,16,1,113.8,112.4,0.525,0.7,1,0.828,0.172
4,Chicago Bulls,Charlotte Hornets,2022-04-08,13,1,111.4,111.6,0.563,0.4,1,17,0,115,115,0.513,0.6,2,0.552,0.448
8,Los Angeles Lakers,Oklahoma City Thunder,2022-04-08,23,0,111.6,115,0.388,0.1,0,27,1,104,111.4,0.3,0.4,0,0.62,0.38
2,Brooklyn Nets,Cleveland Cavaliers,2022-04-08,15,1,112.6,112,0.525,0.6,2,14,2,107.5,105.4,0.538,0.3,1,0.592,0.408
7,Utah Jazz,Phoenix Suns,2022-04-08,9,1,113.8,107.9,0.6,0.4,2,1,1,115,107.3,0.788,0.7,1,0.536,0.464
3,Los Angeles Clippers,Sacramento Kings,2022-04-09,18,2,107.9,108.8,0.5,0.4,2,24,3,110.4,115.8,0.363,0.4,1,0.691,0.309
0,Philadelphia 76ers,Indiana Pacers,2022-04-09,8,1,109.6,107.2,0.613,0.6,2,26,3,111.2,114.5,0.313,0.2,1,0.81,0.19
1,San Antonio Spurs,Golden State Warriors,2022-04-09,22,1,113.3,113,0.425,0.7,0,4,1,110.9,105.6,0.638,0.4,1,0.246,0.754
2,Memphis Grizzlies,New Orleans Pelicans,2022-04-09,2,1,115.4,109.5,0.688,0.7,1,19,1,109.3,109.7,0.45,0.7,1,0.807,0.193
4,Orlando Magic,Miami Heat,2022-04-10,29,2,104,112.2,0.259,0.3,0,3,1,110,105.3,0.654,0.6,1,0.147,0.853
6,New York Knicks,Toronto Raptors,2022-04-10,19,1,106.5,106.8,0.444,0.6,0,9,1,109.6,107.1,0.593,0.8,2,0.251,0.749
9,Portland Trail Blazers,Utah Jazz,2022-04-10,25,1,106.6,115.2,0.333,0,0,10,1,113.6,107.9,0.593,0.3,2,0.164,0.836
3,Cleveland Cavaliers,Milwaukee Bucks,2022-04-10,14,1,107.5,105.6,0.531,0.2,1,5,1,115.5,111.9,0.63,0.7,0,0.525,0.475
14,Dallas Mavericks,San Antonio Spurs,2022-04-10,6,1,107.8,104.5,0.63,0.8,2,22,0,113.1,112.8,0.42,0.7,0,0.901,0.099
12,Los Angeles Clippers,Oklahoma City Thunder,2022-04-10,18,0,108,108.6,0.506,0.5,2,27,1,103.9,111.5,0.296,0.4,0,0.806,0.194
10,New Orleans Pelicans,Golden State Warriors,2022-04-10,20,0,109.3,110.1,0.444,0.6,1,4,0,110.8,105.4,0.642,0.5,1,0.313,0.687
0,Houston Rockets,Atlanta Hawks,2022-04-10,30,1,109.7,118,0.247,0.3,0,17,1,113.7,112.4,0.519,0.7,1,0.273,0.727
7,Philadelphia 76ers,Detroit Pistons,2022-04-10,7,0,109.8,107.3,0.617,0.6,2,28,1,104.8,112.5,0.284,0.4,0,0.898,0.102
11,Denver Nuggets,Los Angeles Lakers,2022-04-10,11,2,112.4,110,0.593,0.6,2,23,1,111.7,114.8,0.395,0.2,0,0.878,0.122
2,Brooklyn Nets,Indiana Pacers,2022-04-10,15,1,112.6,112,0.531,0.6,2,26,0,111.3,114.7,0.309,0.1,1,0.816,0.184
13,Phoenix Suns,Sacramento Kings,2022-04-10,1,1,114.9,107.2,0.79,0.7,2,24,0,110.2,115.9,0.358,0.4,1,0.91,0.09
1,Charlotte Hornets,Washington Wizards,2022-04-10,16,1,115.2,115,0.519,0.6,2,21,1,108.6,111.9,0.432,0.5,0,0.791,0.209
5,Memphis Grizzlies,Boston Celtics,2022-04-10,2,0,115.7,109.6,0.691,0.8,1,8,2,111.4,104.4,0.617,0.7,1,0.6,0.4
8,Minnesota Timberwolves,Chicago Bulls,2022-04-10,12,2,115.9,113.2,0.568,0.5,1,13,1,111.5,111.9,0.556,0.3,0,0.721,0.279
4,Orlando Magic,Miami Heat,2022-04-10,29,2,104,112.2,0.259,0.3,0,3,1,110,105.3,0.654,0.6,1,0.147,0.853
6,New York Knicks,Toronto Raptors,2022-04-10,19,1,106.5,106.8,0.444,0.6,0,9,1,109.6,107.1,0.593,0.8,2,0.251,0.749
9,Portland Trail Blazers,Utah Jazz,2022-04-10,25,1,106.6,115.2,0.333,0,0,10,1,113.6,107.9,0.593,0.3,2,0.164,0.836
3,Cleveland Cavaliers,Milwaukee Bucks,2022-04-10,14,1,107.5,105.6,0.531,0.2,1,5,1,115.5,111.9,0.63,0.7,0,0.525,0.475
14,Dallas Mavericks,San Antonio Spurs,2022-04-10,6,1,107.8,104.5,0.63,0.8,2,22,0,113.1,112.8,0.42,0.7,0,0.901,0.099
12,Los Angeles Clippers,Oklahoma City Thunder,2022-04-10,18,0,108,108.6,0.506,0.5,2,27,1,103.9,111.5,0.296,0.4,0,0.806,0.194
10,New Orleans Pelicans,Golden State Warriors,2022-04-10,20,0,109.3,110.1,0.444,0.6,1,4,0,110.8,105.4,0.642,0.5,1,0.313,0.687
0,Houston Rockets,Atlanta Hawks,2022-04-10,30,1,109.7,118,0.247,0.3,0,17,1,113.7,112.4,0.519,0.7,1,0.273,0.727
7,Philadelphia 76ers,Detroit Pistons,2022-04-10,7,0,109.8,107.3,0.617,0.6,2,28,1,104.8,112.5,0.284,0.4,0,0.898,0.102
11,Denver Nuggets,Los Angeles Lakers,2022-04-10,11,2,112.4,110,0.593,0.6,2,23,1,111.7,114.8,0.395,0.2,0,0.878,0.122
2,Brooklyn Nets,Indiana Pacers,2022-04-10,15,1,112.6,112,0.531,0.6,2,26,0,111.3,114.7,0.309,0.1,1,0.816,0.184
13,Phoenix Suns,Sacramento Kings,2022-04-10,1,1,114.9,107.2,0.79,0.7,2,24,0,110.2,115.9,0.358,0.4,1,0.91,0.09
1,Charlotte Hornets,Washington Wizards,2022-04-10,16,1,115.2,115,0.519,0.6,2,21,1,108.6,111.9,0.432,0.5,0,0.791,0.209
5,Memphis Grizzlies,Boston Celtics,2022-04-10,2,0,115.7,109.6,0.691,0.8,1,8,2,111.4,104.4,0.617,0.7,1,0.6,0.4
8,Minnesota Timberwolves,Chicago Bulls,2022-04-10,12,2,115.9,113.2,0.568,0.5,1,13,1,111.5,111.9,0.556,0.3,0,0.721,0.279
1,New Orleans Pelicans,San Antonio Spurs,2022-04-13,20,2,109.3,110.3,0.439,0.6,1,22,2,113.2,113,0.415,0.6,2,0.514,0.486
0,Atlanta Hawks,Charlotte Hornets,2022-04-13,16,2,113.9,112.4,0.524,0.7,1,17,2,115.3,114.9,0.524,0.6,2,0.499,0.501
0,Cleveland Cavaliers,Atlanta Hawks,2022-04-15,15,2,107.8,105.8,0.537,0.3,2,17,1,114.2,112.3,0.524,0.7,1,0.72,0.28
1,Los Angeles Clippers,New Orleans Pelicans,2022-04-15,18,2,108.4,108.4,0.512,0.6,2,20,1,109.3,110.2,0.439,0.6,2,0.618,0.382
0,Dallas Mavericks,Utah Jazz,2022-04-16,5,5,108,104.7,0.634,0.8,2,9,5,113.6,107.6,0.598,0.4,2,0.599,0.401
2,Philadelphia 76ers,Toronto Raptors,2022-04-16,6,5,109.9,107.3,0.622,0.6,2,10,5,109.4,107.1,0.585,0.8,2,0.589,0.411
3,Golden State Warriors,Denver Nuggets,2022-04-16,4,5,111,105.5,0.646,0.6,1,11,5,112.7,110.4,0.585,0.6,2,0.59,0.41
1,Memphis Grizzlies,Minnesota Timberwolves,2022-04-16,2,5,115.6,109.9,0.683,0.7,2,12,3,115.9,113.2,0.561,0.4,2,0.759,0.241
0,Miami Heat,Atlanta Hawks,2022-04-17,4,6,110,105.5,0.646,0.6,2,17,1,114.1,112.1,0.524,0.7,2,0.86,0.14
1,Boston Celtics,Brooklyn Nets,2022-04-17,6,6,111.8,104.5,0.622,0.7,2,14,4,112.9,112.1,0.537,0.6,2,0.759,0.241
3,Phoenix Suns,New Orleans Pelicans,2022-04-17,1,6,114.8,107.3,0.78,0.6,2,20,1,109.3,110.1,0.439,0.6,2,0.908,0.092
2,Milwaukee Bucks,Chicago Bulls,2022-04-17,7,6,115.5,112.1,0.622,0.6,2,12,6,111.6,112,0.561,0.4,2,0.617,0.383
1,Dallas Mavericks,Utah Jazz,2022-04-18,5,1,107.8,104.7,0.634,0.8,2,9,1,113.4,107.4,0.598,0.4,2,0.589,0.411
0,Philadelphia 76ers,Toronto Raptors,2022-04-18,7,1,110.2,107.4,0.622,0.6,2,11,1,109.4,107.4,0.585,0.8,2,0.588,0.412
2,Golden State Warriors,Denver Nuggets,2022-04-18,3,1,111.1,105.5,0.646,0.6,2,10,1,112.7,110.6,0.585,0.6,2,0.645,0.355
0,Miami Heat,Atlanta Hawks,2022-04-19,3,1,110.1,105.4,0.646,0.6,2,17,1,113.8,112.2,0.524,0.7,2,0.744,0.256
2,Phoenix Suns,New Orleans Pelicans,2022-04-19,1,1,114.8,107.2,0.78,0.6,2,20,1,109.2,110.1,0.439,0.6,2,0.817,0.183
1,Memphis Grizzlies,Minnesota Timberwolves,2022-04-19,2,2,115.6,110.2,0.683,0.7,2,13,2,116,113.2,0.561,0.4,2,0.707,0.293
1,Toronto Raptors,Philadelphia 76ers,2022-04-20,10,1,109.3,107.4,0.585,0.8,2,6,1,110.2,107.3,0.622,0.6,2,0.453,0.547
0,Boston Celtics,Brooklyn Nets,2022-04-20,7,2,111.8,104.6,0.622,0.7,2,14,2,112.9,112.1,0.537,0.6,2,0.681,0.319
2,Milwaukee Bucks,Chicago Bulls,2022-04-20,8,2,115.2,111.8,0.622,0.6,2,12,2,111.3,111.8,0.561,0.4,2,0.597,0.403
2,Denver Nuggets,Golden State Warriors,2022-04-21,11,2,112.6,110.8,0.585,0.6,2,4,2,111.3,105.5,0.646,0.6,2,0.415,0.585
1,Utah Jazz,Dallas Mavericks,2022-04-21,9,2,113.3,107.4,0.598,0.4,2,5,2,107.9,104.6,0.634,0.8,2,0.496,0.504
0,Minnesota Timberwolves,Memphis Grizzlies,2022-04-21,13,1,115.8,113.4,0.561,0.4,2,2,1,115.7,110,0.683,0.7,2,0.361,0.639
2,New Orleans Pelicans,Phoenix Suns,2022-04-22,20,2,109.3,110.1,0.439,0.6,2,1,2,114.8,107.4,0.78,0.6,1,0.335,0.665
1,Chicago Bulls,Milwaukee Bucks,2022-04-22,12,1,111.3,111.8,0.561,0.4,2,8,1,115.2,111.8,0.622,0.6,1,0.546,0.454
0,Atlanta Hawks,Miami Heat,2022-04-22,17,2,113.7,112.2,0.524,0.7,2,3,2,110.1,105.4,0.646,0.6,2,0.325,0.675
0,Toronto Raptors,Philadelphia 76ers,2022-04-23,10,2,109.2,107.4,0.585,0.8,2,6,2,110.1,107.2,0.622,0.6,2,0.454,0.546
2,Brooklyn Nets,Boston Celtics,2022-04-23,14,2,112.9,112.1,0.537,0.6,2,7,2,111.8,104.6,0.622,0.7,2,0.427,0.573
1,Utah Jazz,Dallas Mavericks,2022-04-23,9,1,113.4,107.6,0.598,0.4,2,5,1,108.1,104.8,0.634,0.8,2,0.492,0.508
3,Minnesota Timberwolves,Memphis Grizzlies,2022-04-23,13,1,115.5,113.3,0.561,0.4,2,2,1,115.6,109.8,0.683,0.7,2,0.36,0.64
3,New Orleans Pelicans,Phoenix Suns,2022-04-24,20,1,109.4,110.2,0.439,0.6,2,1,1,114.8,107.5,0.78,0.6,1,0.333,0.667
0,Chicago Bulls,Milwaukee Bucks,2022-04-24,12,1,111,111.7,0.561,0.4,2,8,1,115.1,111.5,0.622,0.6,1,0.545,0.455
1,Denver Nuggets,Golden State Warriors,2022-04-24,11,2,112.6,110.8,0.585,0.6,2,4,2,111.4,105.6,0.646,0.6,2,0.415,0.585
2,Atlanta Hawks,Miami Heat,2022-04-24,17,1,113.7,112.2,0.524,0.7,2,3,1,110.1,105.4,0.646,0.6,2,0.323,0.677
2,Dallas Mavericks,Utah Jazz,2022-04-25,5,1,108,104.7,0.634,0.8,2,9,1,113.2,107.5,0.598,0.4,2,0.59,0.41
1,Philadelphia 76ers,Toronto Raptors,2022-04-25,6,1,110,107.2,0.622,0.6,2,10,1,109.2,107.3,0.585,0.8,2,0.582,0.418
0,Brooklyn Nets,Boston Celtics,2022-04-25,14,1,112.8,112.1,0.537,0.6,2,7,1,111.8,104.6,0.622,0.7,2,0.423,0.577
0,Miami Heat,Atlanta Hawks,2022-04-26,3,1,110.1,105.2,0.646,0.6,1,17,1,113.4,112.1,0.524,0.7,2,0.686,0.314
2,Phoenix Suns,New Orleans Pelicans,2022-04-26,1,1,114.6,107.6,0.78,0.6,1,20,1,109.5,110.1,0.439,0.6,2,0.765,0.235
1,Memphis Grizzlies,Minnesota Timberwolves,2022-04-26,2,2,115.6,109.9,0.683,0.7,2,13,2,115.6,113.3,0.561,0.4,2,0.708,0.292
1,Golden State Warriors,Denver Nuggets,2022-04-27,4,2,111.5,105.8,0.646,0.6,2,11,2,112.7,111,0.585,0.6,2,0.653,0.347
0,Milwaukee Bucks,Chicago Bulls,2022-04-27,8,2,115.2,111.3,0.622,0.6,1,12,2,110.8,111.8,0.561,0.4,2,0.529,0.471
0,Toronto Raptors,Philadelphia 76ers,2022-04-28,11,2,109.1,107.1,0.585,0.8,2,7,2,109.8,107.2,0.622,0.6,2,0.461,0.539
1,New Orleans Pelicans,Phoenix Suns,2022-04-28,20,1,109.3,110.1,0.439,0.6,2,1,1,114.6,107.5,0.78,0.6,1,0.333,0.667
2,Utah Jazz,Dallas Mavericks,2022-04-28,9,2,112.8,107.5,0.598,0.4,2,5,2,107.9,104.4,0.634,0.8,2,0.49,0.51
0,Minnesota Timberwolves,Memphis Grizzlies,2022-04-29,13,2,115.5,113.3,0.561,0.4,2,2,2,115.6,109.9,0.683,0.7,2,0.361,0.639
0,Boston Celtics,Milwaukee Bucks,2022-05-01,6,5,111.8,104.7,0.622,0.7,2,8,3,115.2,111.2,0.622,0.6,1,0.759,0.241
1,Memphis Grizzlies,Golden State Warriors,2022-05-01,2,1,115.5,109.9,0.683,0.7,2,4,3,111.4,105.7,0.646,0.6,2,0.488,0.512
0,Miami Heat,Philadelphia 76ers,2022-05-02,4,5,110,105.1,0.646,0.6,1,6,3,110,107,0.622,0.6,1,0.67,0.33
1,Phoenix Suns,Dallas Mavericks,2022-05-02,1,3,114.6,107.5,0.78,0.6,2,5,3,107.8,104.3,0.634,0.8,2,0.608,0.392
0,Boston Celtics,Milwaukee Bucks,2022-05-03,7,1,111.6,104.6,0.622,0.7,2,8,1,115,110.9,0.622,0.6,1,0.681,0.319
1,Memphis Grizzlies,Golden State Warriors,2022-05-03,2,1,115.6,110,0.683,0.7,2,4,1,111.5,105.8,0.646,0.6,2,0.564,0.436
0,Miami Heat,Philadelphia 76ers,2022-05-04,3,1,109.9,104.9,0.646,0.6,1,6,1,109.8,107,0.622,0.6,1,0.604,0.396
1,Phoenix Suns,Dallas Mavericks,2022-05-04,1,1,114.7,107.6,0.78,0.6,2,5,1,107.9,104.5,0.634,0.8,2,0.603,0.397
1,Dallas Mavericks,Phoenix Suns,2022-05-06,5,1,107.9,104.8,0.634,0.8,2,1,1,114.8,107.6,0.78,0.6,2,0.446,0.554
0,Philadelphia 76ers,Miami Heat,2022-05-06,6,1,109.8,107.2,0.622,0.6,1,3,1,110,104.9,0.646,0.6,2,0.39,0.61
1,Golden State Warriors,Memphis Grizzlies,2022-05-07,4,3,111.3,105.8,0.646,0.6,2,2,3,115.4,109.9,0.683,0.7,2,0.503,0.497
0,Milwaukee Bucks,Boston Celtics,2022-05-07,8,3,114.7,110.9,0.622,0.6,1,7,3,111.5,104.4,0.622,0.7,2,0.462,0.538
0,Dallas Mavericks,Phoenix Suns,2022-05-08,5,1,107.8,104.7,0.634,0.8,2,1,1,114.6,107.5,0.78,0.6,2,0.445,0.555
1,Philadelphia 76ers,Miami Heat,2022-05-08,6,1,109.6,106.9,0.622,0.6,2,3,1,109.7,104.8,0.646,0.6,2,0.462,0.538
1,Golden State Warriors,Memphis Grizzlies,2022-05-09,4,1,111.7,105.9,0.646,0.6,2,2,1,115.4,110.2,0.683,0.7,2,0.501,0.499
0,Milwaukee Bucks,Boston Celtics,2022-05-09,8,1,114.5,110.8,0.622,0.6,1,7,1,111.4,104.4,0.622,0.7,2,0.456,0.544
0,Miami Heat,Philadelphia 76ers,2022-05-10,3,1,109.7,105,0.646,0.6,2,6,1,109.7,106.9,0.622,0.6,2,0.569,0.431
1,Phoenix Suns,Dallas Mavericks,2022-05-10,1,1,114.4,107.6,0.78,0.6,2,5,1,107.9,104.6,0.634,0.8,2,0.6,0.4
0,Boston Celtics,Milwaukee Bucks,2022-05-11,7,1,111.5,104.5,0.622,0.7,2,8,1,114.5,110.8,0.622,0.6,1,0.68,0.32
1,Memphis Grizzlies,Golden State Warriors,2022-05-11,2,1,115.2,110.1,0.683,0.7,1,4,1,111.6,105.8,0.646,0.6,2,0.486,0.514
1,Dallas Mavericks,Phoenix Suns,2022-05-12,5,1,107.6,104.7,0.634,0.8,2,1,1,114.4,107.3,0.78,0.6,2,0.443,0.557
0,Philadelphia 76ers,Miami Heat,2022-05-12,6,1,109.5,107,0.622,0.6,2,3,1,109.8,104.8,0.646,0.6,1,0.565,0.435
1,Golden State Warriors,Memphis Grizzlies,2022-05-13,4,1,111.4,106.1,0.646,0.6,2,2,1,115.4,109.9,0.683,0.7,1,0.601,0.399
0,Milwaukee Bucks,Boston Celtics,2022-05-13,8,1,114.4,110.8,0.622,0.6,1,7,1,111.4,104.5,0.622,0.7,2,0.455,0.545
0,Boston Celtics,Milwaukee Bucks,2022-05-15,7,1,111.4,104.4,0.622,0.7,2,8,1,114.2,110.8,0.622,0.6,1,0.679,0.321
1,Phoenix Suns,Dallas Mavericks,2022-05-15,1,2,114.1,107.3,0.78,0.6,2,5,2,107.6,104.5,0.634,0.8,2,0.601,0.399
0,Miami Heat,Boston Celtics,2022-05-17,3,4,109.7,104.6,0.646,0.6,1,7,1,111.4,104.2,0.622,0.7,2,0.647,0.353
0,Golden State Warriors,Dallas Mavericks,2022-05-18,3,4,111.4,106,0.646,0.6,2,5,2,107.8,104.3,0.634,0.8,2,0.639,0.361
0,Miami Heat,Boston Celtics,2022-05-19,3,1,109.8,104.6,0.646,0.6,1,7,1,111.3,104.3,0.622,0.7,2,0.532,0.468
0,Golden State Warriors,Dallas Mavericks,2022-05-20,4,1,111.4,105.8,0.646,0.6,2,5,1,107.6,104.4,0.634,0.8,2,0.55,0.45
0,Boston Celtics,Miami Heat,2022-05-21,7,1,111.5,104.3,0.622,0.7,2,3,1,109.7,104.9,0.646,0.6,2,0.498,0.502
0,Dallas Mavericks,Golden State Warriors,2022-05-22,5,1,107.7,104.6,0.634,0.8,2,4,1,111.5,105.9,0.646,0.6,2,0.497,0.503
